fs,microh,plot,block,divctr,size,links,plsp,insp,intdiv,antvul,aretet,bisgla,chagla,creopo,horspi,jasame,leobor,leupec,lotcor,sidgla,agrspa,agrspb,ancbip,ancsco,andagi,andcar,andmic,andova,anissp,antmon,apimel,aplosp,ascgra,bethsp,bomlun,bomlus,bomspa,bomspb,bomter,bomves,braspa,braspb,bruchsp,campsp,chespa,chespb,chlsp,chrysp,cicasp,colsch,crabsp,daspra,dilfem,dufpar,enicsp,eriten,eumtar,formsp,galesp,gelfor,gelfos,goncap,haemsp,halgem,hippsp,hopmit,hoprav,hylibe,isslat,labisp,lamboe,lascup,lasisp,loncsp,macste,mactes,malspa,malspb,maltsp,megasp,megpar,meimaj,melasp,mgchsp,musvit,mutisp,mylasp,neocor,nymurt,pancep,phaann,phascu,phytsp,pierap,polbel,polbig,polica,pomspa,pomspb,pomspc,saltsp,sarnig,scaalb,sciasp,scyibe,scymsp,sepneo,sepssp,septho,spipan,thersp,thrcul,timasp,wohbel,xylval,sampl,antvul.fl,aretet.fl,bisgla.fl,chagla.fl,creopo.fl,horspi.fl,jasame.fl,leobor.fl,leupec.fl,lotcor.fl,sidgla.fl,fl,infl,antvul.infl,aretet.infl,bisgla.infl,chagla.infl,creopo.infl,horspi.infl,jasame.infl,leobor.infl,leupec.infl,lotcor.infl,sidgla.infl,herbivore,parasitoid,pollinator,predator,scavenger,wdiv.func,divctrf,ins.ab,y.fs,site.label,y.ap,y.fs2,y.ap2,ins.ab2,fl.fs,fl.ap
h,a,1,1,1,5,7,1,4,1.153741943,NA,7,NA,NA,NA,NA,NA,NA,NA,NA,NA,0,0,0,0,0,0,0,0,0,0,4,0,0,0,0,0,0,0,0,0,0,0,0,0,0,0,0,0,0,0,0,0,0,0,0,0,0,0,0,0,0,0,0,0,0,0,0,1,0,0,0,0,0,0,0,0,0,0,0,0,0,0,0,0,1,0,0,0,1,0,0,0,0,0,0,0,0,0,0,0,0,0,0,0,0,0,0,0,0,0,0,0,0,0,0,9,0,95,0,0,0,0,0,0,0,0,0,95,0.024561404,NA,0.024561404,NA,NA,NA,NA,NA,NA,NA,NA,NA,0,0,7,0,0,0,1,7,7,h a 1,0,0.073684211,0,0.073684211,95,0
h,o,1,1,1,2,2,1,1,0,2,NA,NA,NA,NA,NA,0,NA,NA,NA,NA,0,0,0,0,0,0,0,0,0,0,0,0,0,0,0,0,0,0,0,0,0,0,0,0,0,0,0,0,0,0,0,0,0,0,0,0,0,0,0,0,0,0,0,0,0,0,0,0,0,0,0,0,0,0,0,0,0,0,0,0,2,0,0,0,0,0,0,0,0,0,0,0,0,0,0,0,0,0,0,0,0,0,0,0,0,0,0,0,0,0,0,0,0,0,0,9,9,0,0,0,0,0,2,0,0,0,0,11,0.060606061,0.074074074,NA,NA,NA,NA,NA,0,NA,NA,NA,NA,0,0,2,0,0,0,1,2,0,h o 1,2,0,0.181818182,0.181818182,0,11
h,w,1,1,2,15,17,3,12,2.343932981,5,10,NA,0,NA,NA,2,NA,NA,NA,NA,0,0,0,0,0,0,1,0,0,0,4,0,0,0,0,0,0,0,0,0,0,0,1,0,0,0,0,0,0,0,0,0,0,0,0,2,0,0,0,0,0,0,0,0,0,0,0,0,0,0,1,0,0,0,0,0,0,0,0,1,0,0,0,1,0,0,0,0,0,0,0,0,1,0,0,0,0,0,0,0,0,0,1,1,2,0,1,0,0,0,0,0,0,0,0,9,31,210,0,9,0,0,15,0,0,0,0,265,0.021383648,0.053763441,0.015873016,NA,0,NA,NA,0.044444444,NA,NA,NA,NA,1,1,13,0,2,0.790234755,2,17,10,h w 1,7,0.047619048,0.127272727,0.064150943,210,55
h,a,2,2,1,5,4,1,4,1.386294361,NA,4,NA,NA,NA,NA,NA,NA,NA,NA,NA,0,0,0,0,0,0,0,0,0,0,1,0,0,0,0,0,0,0,0,1,0,0,0,0,0,0,0,0,0,0,0,0,0,0,0,0,0,0,0,0,0,0,0,0,0,0,0,0,0,0,0,0,0,0,0,0,0,0,0,0,0,0,0,0,0,0,0,0,0,0,0,0,0,0,0,0,1,0,0,0,0,0,0,0,0,0,0,0,0,1,0,0,0,0,0,6,0,335,0,0,0,0,0,0,0,0,0,335,0.005970149,NA,0.005970149,NA,NA,NA,NA,NA,NA,NA,NA,NA,1,0,3,0,0,0.562335145,1,4,4,h a 2,0,0.011940299,0,0.011940299,335,0
h,o,2,2,1,6,4,2,4,1.386294361,3,NA,NA,NA,NA,NA,1,NA,NA,NA,NA,0,0,0,0,0,0,0,0,0,0,0,0,0,0,0,0,0,0,0,0,0,0,0,0,0,0,0,0,0,0,0,0,0,0,0,0,1,0,0,0,0,0,0,0,0,1,0,0,0,0,0,0,0,0,0,0,0,0,0,0,1,0,0,1,0,0,0,0,0,0,0,0,0,0,0,0,0,0,0,0,0,0,0,0,0,0,0,0,0,0,0,0,0,0,0,6,31,0,0,0,0,0,16,0,0,0,0,47,0.042553191,0.048387097,NA,NA,NA,NA,NA,0.03125,NA,NA,NA,NA,0,0,4,0,0,0,1,4,0,h o 2,4,0,0.085106383,0.085106383,0,47
h,w,2,2,2,12,10,3,9,2.302585093,1,7,NA,NA,NA,NA,2,0,NA,0,NA,0,0,0,1,0,0,0,0,0,0,1,0,0,0,0,0,0,0,0,0,0,0,0,0,0,0,0,0,0,0,0,0,0,0,0,0,0,1,0,2,0,0,0,0,0,0,0,0,0,1,0,0,1,0,0,0,0,0,0,0,0,0,0,0,0,0,0,0,0,0,0,0,0,0,0,0,0,0,0,0,0,0,0,0,0,0,0,0,0,1,0,1,0,0,1,6,10,220,0,0,0,0,14,3,0,0,0,247,0.020242915,0.05,0.015909091,NA,NA,NA,NA,0.071428571,0,NA,NA,NA,3,2,4,1,0,1.279854226,2,10,7,h w 2,3,0.031818182,0.111111111,0.04048583,220,27
h,a,3,3,1,5,7,1,4,1.277034259,NA,7,NA,NA,NA,NA,NA,NA,NA,NA,NA,0,0,0,0,0,0,0,0,0,0,3,0,0,0,0,0,0,0,0,0,0,0,0,0,0,0,0,0,0,0,0,0,0,0,0,1,0,0,0,0,0,0,0,0,0,0,0,0,0,0,0,0,0,0,0,0,0,0,0,0,0,0,0,0,0,0,0,0,0,0,0,0,0,0,0,0,0,0,1,0,0,0,0,0,0,0,0,0,0,2,0,0,0,0,0,6,0,650,0,0,0,0,0,0,0,0,0,650,0.005384615,NA,0.005384615,NA,NA,NA,NA,NA,NA,NA,NA,NA,2,0,4,1,0,0.955699891,1,7,7,h a 3,0,0.010769231,0,0.010769231,650,0
h,o,3,3,1,4,3,1,3,1.098612289,3,NA,0,NA,NA,NA,0,NA,NA,NA,NA,0,0,0,0,0,0,0,0,0,0,0,0,0,0,0,0,0,0,0,0,0,0,0,0,0,0,0,1,0,0,0,0,0,0,0,0,0,0,0,0,1,0,0,0,0,0,0,0,0,0,0,1,0,0,0,0,0,0,0,0,0,0,0,0,0,0,0,0,0,0,0,0,0,0,0,0,0,0,0,0,0,0,0,0,0,0,0,0,0,0,0,0,0,0,0,6,16,0,0,0,0,0,23,0,0,0,0,39,0.038461538,0.09375,NA,NA,NA,NA,NA,0,NA,NA,NA,NA,0,2,1,0,0,0.636514168,1,3,0,h o 3,3,0,0.076923077,0.076923077,0,39
h,w,3,3,2,9,7,2,7,1.945910149,NA,5,NA,NA,NA,NA,2,NA,NA,NA,NA,0,0,0,0,0,0,0,0,0,0,1,0,0,0,0,0,0,1,0,1,0,0,0,0,1,0,0,0,0,0,1,0,0,0,0,1,0,0,0,0,0,0,0,0,0,0,0,0,0,0,0,0,0,0,0,0,0,0,0,0,0,0,0,0,0,0,0,0,0,0,0,0,0,0,0,0,0,0,0,0,0,0,0,0,1,0,0,0,0,0,0,0,0,0,0,6,0,95,0,0,0,0,19,0,0,0,0,114,0.030701754,NA,0.026315789,NA,NA,NA,NA,0.052631579,NA,NA,NA,NA,0,1,5,1,0,0.79631164,2,7,5,h w 3,2,0.052631579,0.105263158,0.061403509,95,19
h,a,4,4,1,0,0,0,0,1.153741943,NA,0,NA,NA,NA,NA,NA,NA,NA,NA,NA,0,0,0,0,0,0,0,0,0,0,0,0,0,0,0,0,0,0,0,0,0,0,0,0,0,0,0,0,0,0,0,0,0,0,0,0,0,0,0,0,0,0,0,0,0,0,0,0,0,0,0,0,0,0,0,0,0,0,0,0,0,0,0,0,0,0,0,0,0,0,0,0,0,0,0,0,0,0,0,0,0,0,0,0,0,0,0,0,0,0,0,0,0,0,0,6,0,285,0,0,0,0,0,0,0,0,0,285,0,NA,0,NA,NA,NA,NA,NA,NA,NA,NA,NA,0,0,0,0,0,0,1,0,0,h a 4,0,0,0,0,285,0
h,o,4,4,1,3,2,1,2,0.693147181,NA,NA,NA,0,NA,NA,2,NA,NA,NA,NA,0,0,0,0,0,0,0,0,0,0,0,0,0,0,0,0,0,0,0,0,0,0,0,0,0,0,0,0,0,0,0,0,0,0,0,0,0,0,0,0,0,0,0,0,0,0,0,0,0,0,0,1,0,0,0,0,0,0,0,0,0,0,0,0,0,0,0,0,0,0,0,0,0,0,0,0,0,0,0,0,0,0,0,0,0,1,0,0,0,0,0,0,0,0,0,6,0,0,0,53,0,0,7,0,0,0,0,60,0.016666667,NA,NA,NA,0,NA,NA,0.142857143,NA,NA,NA,NA,0,0,1,1,0,0.693147181,1,2,0,h o 4,2,0,0.033333333,0.033333333,0,60
h,w,4,4,2,5,4,2,3,1.039720771,NA,3,NA,NA,NA,NA,1,NA,NA,NA,NA,0,0,0,0,0,0,0,0,0,0,2,0,0,0,0,0,0,0,0,0,0,0,0,0,0,0,0,0,0,0,0,0,0,0,0,0,0,0,0,0,0,0,0,0,0,0,0,0,0,0,0,0,0,0,0,0,0,0,0,0,0,0,0,1,0,0,0,0,0,0,0,0,0,0,0,0,0,0,0,0,0,0,0,0,0,0,0,0,0,0,0,1,0,0,0,6,0,160,0,0,0,0,11,0,0,0,0,171,0.011695906,NA,0.009375,NA,NA,NA,NA,0.045454545,NA,NA,NA,NA,0,0,4,0,0,0,2,4,3,h w 4,1,0.01875,0.090909091,0.023391813,160,11
h,a,5,5,1,4,5,1,3,0.950270539,NA,5,NA,NA,NA,NA,NA,NA,NA,NA,NA,0,0,0,0,0,0,0,0,0,0,0,0,0,0,0,0,0,0,0,0,0,0,0,0,0,0,0,0,0,0,0,0,0,0,0,1,0,0,0,0,0,0,0,0,0,0,0,0,0,0,0,1,0,0,0,0,0,0,0,0,0,0,0,0,0,0,0,0,0,0,0,0,0,0,0,0,0,0,0,0,0,0,0,0,3,0,0,0,0,0,0,0,0,0,0,8,0,310,0,0,0,0,0,0,0,0,0,310,0.006048387,NA,0.006048387,NA,NA,NA,NA,NA,NA,NA,NA,NA,0,0,5,0,0,0,1,5,5,h a 5,0,0.016129032,0,0.016129032,310,0
h,o,5,5,1,7,12,3,4,0.836988217,NA,NA,NA,NA,NA,NA,1,1,NA,NA,10,0,0,0,0,0,0,0,0,0,0,9,0,0,0,0,0,0,0,0,0,0,0,0,0,0,0,0,0,0,0,0,0,0,0,0,0,0,0,0,0,0,0,0,0,0,0,0,0,0,0,0,1,0,0,0,0,0,0,0,0,0,0,0,1,0,0,0,0,0,0,0,0,0,0,0,0,0,0,0,0,0,0,0,0,1,0,0,0,0,0,0,0,0,0,0,8,0,0,0,0,0,0,19,1,0,0,150,170,0.026470588,NA,NA,NA,NA,NA,NA,0.019736842,0.375,NA,NA,0.025,0,0,12,0,0,0,1,12,0,h o 5,12,0,0.070588235,0.070588235,0,170
h,w,5,5,2,10,8,2,8,2.079441542,NA,6,NA,NA,NA,NA,2,0,NA,NA,NA,0,0,0,0,0,0,0,0,0,0,1,0,0,0,1,0,0,0,0,0,0,0,0,0,0,0,0,0,0,0,0,0,0,0,0,1,0,0,0,0,0,1,0,0,0,0,1,0,0,0,0,1,0,0,0,0,0,0,0,0,0,0,0,0,0,0,0,0,0,0,0,0,0,0,0,1,0,0,0,0,0,0,0,0,1,0,0,0,0,0,0,0,0,0,0,8,0,305,0,0,0,0,16,2,0,0,0,323,0.009287926,NA,0.007377049,NA,NA,NA,NA,0.046875,0,NA,NA,NA,0,1,6,1,0,0.73562194,2,8,6,h w 5,2,0.019672131,0.111111111,0.024767802,305,18
h,a,6,6,1,4,4,1,3,1.039720771,NA,4,NA,NA,NA,NA,NA,NA,NA,NA,NA,0,0,0,0,0,0,0,0,0,0,2,0,0,0,0,0,0,0,0,0,0,0,0,0,0,0,0,0,0,0,0,0,0,0,0,1,0,0,0,0,0,0,0,0,0,0,0,0,0,0,0,0,0,0,0,0,0,0,0,0,0,0,0,0,0,0,0,0,0,0,0,0,0,0,0,0,0,0,0,0,0,0,0,0,1,0,0,0,0,0,0,0,0,0,0,6,0,330,0,0,0,0,0,0,0,0,0,330,0.006060606,NA,0.006060606,NA,NA,NA,NA,NA,NA,NA,NA,NA,0,0,4,0,0,0,1,4,4,h a 6,0,0.012121212,0,0.012121212,330,0
h,o,6,6,1,0,0,0,0,1.153741943,NA,NA,NA,0,NA,NA,0,NA,NA,NA,NA,0,0,0,0,0,0,0,0,0,0,0,0,0,0,0,0,0,0,0,0,0,0,0,0,0,0,0,0,0,0,0,0,0,0,0,0,0,0,0,0,0,0,0,0,0,0,0,0,0,0,0,0,0,0,0,0,0,0,0,0,0,0,0,0,0,0,0,0,0,0,0,0,0,0,0,0,0,0,0,0,0,0,0,0,0,0,0,0,0,0,0,0,0,0,0,6,0,0,0,0,0,0,8,0,0,0,0,8,0,NA,NA,NA,NA,NA,NA,0,NA,NA,NA,NA,0,0,0,0,0,0,1,0,0,h o 6,0,0,0,0,0,8
h,w,6,6,2,15,13,3,12,2.564949357,NA,7,NA,NA,NA,NA,3,NA,3,0,NA,0,0,0,0,0,0,0,0,0,0,1,0,0,0,0,0,0,0,0,1,0,0,0,0,0,0,0,0,0,1,0,0,0,0,0,2,0,0,0,0,1,0,0,0,0,1,0,1,0,0,0,1,0,0,0,0,0,0,0,0,0,0,0,0,0,0,0,0,0,0,0,0,0,0,0,0,0,0,0,0,0,0,1,0,1,0,0,0,0,1,0,0,0,0,1,6,0,140,0,0,0,0,20,0,13,8,0,181,0.035911602,NA,0.025,NA,NA,NA,NA,0.075,NA,0.115384615,0,NA,1,1,11,0,0,0.53596105,2,13,7,h w 6,6,0.05,0.146341463,0.071823204,140,41
h,a,7,7,1,7,7,1,6,1.747868097,NA,7,NA,NA,NA,NA,NA,NA,NA,NA,NA,0,0,0,0,0,0,0,0,0,0,0,0,0,0,0,0,0,0,1,0,0,0,0,0,0,0,0,0,0,0,0,0,0,0,0,2,0,0,0,1,0,0,1,0,0,0,0,0,0,0,0,1,0,0,0,0,0,0,0,0,0,0,0,0,0,0,0,0,0,0,0,0,0,0,0,0,0,0,0,0,0,0,0,0,1,0,0,0,0,0,0,0,0,0,0,9,0,350,0,0,0,0,0,0,0,0,0,350,0.006666667,NA,0.006666667,NA,NA,NA,NA,NA,NA,NA,NA,NA,0,1,5,1,0,0.79631164,1,7,7,h a 7,0,0.02,0,0.02,350,0
h,o,7,7,1,3,2,1,2,0.693147181,2,NA,NA,NA,NA,NA,NA,NA,NA,NA,NA,0,0,0,0,0,0,0,0,0,0,0,0,0,0,0,0,0,0,0,0,0,0,0,0,0,0,0,0,0,0,0,0,0,0,0,0,0,0,0,0,0,0,0,0,0,0,0,0,0,0,0,1,0,0,0,0,0,0,0,1,0,0,0,0,0,0,0,0,0,0,0,0,0,0,0,0,0,0,0,0,0,0,0,0,0,0,0,0,0,0,0,0,0,0,0,9,18,0,0,0,0,0,0,0,0,0,0,18,0.037037037,0.037037037,NA,NA,NA,NA,NA,NA,NA,NA,NA,NA,0,0,2,0,0,0,1,2,0,h o 7,2,0,0.111111111,0.111111111,0,18
h,w,7,7,2,11,10,3,8,2.163955657,1,6,NA,NA,NA,NA,3,NA,NA,NA,NA,0,0,0,0,0,0,0,0,0,0,2,0,0,0,0,0,1,1,0,0,0,0,0,0,0,0,0,0,0,0,0,0,0,0,0,2,0,0,0,0,1,0,0,0,0,0,0,0,0,0,0,1,0,0,0,0,0,0,0,0,0,0,0,1,0,0,0,0,0,0,0,0,0,0,0,0,0,0,0,0,0,0,0,0,0,0,0,0,1,0,0,0,0,0,0,9,19,352,0,0,0,0,13,0,0,0,0,384,0.008680556,0.01754386,0.005681818,NA,NA,NA,NA,0.076923077,NA,NA,NA,NA,0,1,8,0,1,0.63903186,2,10,6,h w 7,4,0.017045455,0.125,0.026041667,352,32
h,a,8,8,1,4,3,1,3,1.098612289,NA,3,NA,NA,NA,NA,NA,NA,NA,NA,NA,0,0,0,0,0,0,0,0,0,0,1,0,0,0,0,0,0,0,0,1,0,0,0,0,1,0,0,0,0,0,0,0,0,0,0,0,0,0,0,0,0,0,0,0,0,0,0,0,0,0,0,0,0,0,0,0,0,0,0,0,0,0,0,0,0,0,0,0,0,0,0,0,0,0,0,0,0,0,0,0,0,0,0,0,0,0,0,0,0,0,0,0,0,0,0,6,0,400,0,0,0,0,0,0,0,0,0,400,0.00375,NA,0.00375,NA,NA,NA,NA,NA,NA,NA,NA,NA,0,1,2,0,0,0.636514168,1,3,3,h a 8,0,0.0075,0,0.0075,400,0
h,o,8,8,1,6,6,2,4,1.329661349,3,NA,0,NA,NA,NA,0,NA,NA,NA,3,0,0,0,0,0,0,0,0,0,0,2,0,0,0,0,0,0,0,0,0,0,0,0,0,0,0,0,0,0,0,0,0,0,0,0,0,0,0,0,0,0,0,0,0,0,0,0,0,0,0,0,0,0,0,0,0,0,0,0,0,1,0,0,0,0,0,0,0,0,0,0,0,0,0,1,0,0,0,0,0,0,0,0,0,0,0,0,0,0,0,0,0,0,0,2,6,5,0,0,0,0,0,17,0,0,0,23,45,0.066666667,0.3,NA,NA,NA,NA,NA,0,NA,NA,NA,0.065217391,0,0,6,0,0,0,1,6,0,h o 8,6,0,0.133333333,0.133333333,0,45
h,w,8,8,2,6,5,2,4,1.33217904,NA,4,NA,NA,NA,NA,1,NA,NA,NA,0,0,0,0,0,0,0,0,0,0,0,2,0,0,0,0,0,0,0,1,0,0,0,0,0,0,0,0,0,0,0,0,0,0,0,0,0,0,0,0,0,0,0,0,0,0,1,0,0,0,0,0,0,0,0,0,0,0,0,0,0,0,0,0,0,0,0,0,0,0,0,0,0,0,0,0,0,0,0,0,0,0,0,0,0,1,0,0,0,0,0,0,0,0,0,0,6,0,155,0,0,0,0,18,0,0,0,0,173,0.014450867,NA,0.012903226,NA,NA,NA,NA,0.027777778,NA,NA,NA,NA,0,0,5,0,0,0,2,5,4,h w 8,1,0.025806452,0.055555556,0.028901734,155,18
h,a,9,9,1,3,4,1,2,0.562335145,NA,4,NA,NA,NA,NA,NA,NA,NA,NA,NA,0,0,0,0,0,0,0,0,0,0,3,0,0,0,0,0,0,0,0,0,0,0,0,0,0,0,0,0,0,0,0,0,0,0,0,0,0,0,0,0,0,0,0,0,0,0,0,0,0,0,0,0,0,0,0,0,0,0,0,0,0,0,0,1,0,0,0,0,0,0,0,0,0,0,0,0,0,0,0,0,0,0,0,0,0,0,0,0,0,0,0,0,0,0,0,6,0,250,0,0,0,0,0,0,0,0,0,250,0.008,NA,0.008,NA,NA,NA,NA,NA,NA,NA,NA,NA,0,0,4,0,0,0,1,4,4,h a 9,0,0.016,0,0.016,250,0
h,o,9,9,1,4,2,2,2,0.693147181,1,NA,NA,0,NA,NA,0,NA,NA,NA,1,0,0,0,0,0,0,0,0,0,0,1,0,0,0,0,1,0,0,0,0,0,0,0,0,0,0,0,0,0,0,0,0,0,0,0,0,0,0,0,0,0,0,0,0,0,0,0,0,0,0,0,0,0,0,0,0,0,0,0,0,0,0,0,0,0,0,0,0,0,0,0,0,0,0,0,0,0,0,0,0,0,0,0,0,0,0,0,0,0,0,0,0,0,0,0,6,5,0,0,15,0,0,2,0,0,0,6,28,0.035714286,0.1,NA,NA,0,NA,NA,0,NA,NA,NA,0.083333333,0,0,2,0,0,0,1,2,0,h o 9,2,0,0.071428571,0.071428571,0,28
h,w,9,9,2,12,15,3,9,2.079151273,1,3,NA,NA,NA,NA,0,NA,NA,NA,11,1,0,0,0,0,0,0,0,0,0,6,0,0,0,0,0,0,0,0,0,0,0,0,0,1,0,0,0,0,0,1,0,0,0,0,1,0,0,0,0,0,0,0,0,0,1,0,0,0,0,0,0,0,0,0,0,0,0,0,1,0,0,0,2,0,0,0,0,0,0,0,0,0,0,0,0,0,0,0,0,0,0,0,0,0,0,0,0,0,0,0,0,0,0,1,6,6,345,0,0,0,0,3,0,0,0,17,371,0.020215633,0.083333333,0.004347826,NA,NA,NA,NA,0,NA,NA,NA,0.323529412,1,1,12,1,0,0.720124881,2,15,3,h w 9,12,0.008695652,0.461538462,0.040431267,345,26
h,a,10,10,1,2,1,1,1,0,NA,1,NA,NA,NA,NA,NA,NA,NA,NA,NA,0,0,0,0,0,0,0,0,0,0,0,0,0,0,0,0,0,1,0,0,0,0,0,0,0,0,0,0,0,0,0,0,0,0,0,0,0,0,0,0,0,0,0,0,0,0,0,0,0,0,0,0,0,0,0,0,0,0,0,0,0,0,0,0,0,0,0,0,0,0,0,0,0,0,0,0,0,0,0,0,0,0,0,0,0,0,0,0,0,0,0,0,0,0,0,6,0,430,0,0,0,0,0,0,0,0,0,430,0.001162791,NA,0.001162791,NA,NA,NA,NA,NA,NA,NA,NA,NA,0,0,1,0,0,0,1,1,1,h a 10,0,0.002325581,0,0.002325581,430,0
h,o,10,10,1,2,1,1,1,0,1,NA,NA,NA,NA,NA,NA,NA,NA,NA,0,0,0,0,0,0,0,0,0,0,0,0,0,0,0,0,0,0,0,0,0,0,0,1,0,0,0,0,0,0,0,0,0,0,0,0,0,0,0,0,0,0,0,0,0,0,0,0,0,0,0,0,0,0,0,0,0,0,0,0,0,0,0,0,0,0,0,0,0,0,0,0,0,0,0,0,0,0,0,0,0,0,0,0,0,0,0,0,0,0,0,0,0,0,0,0,6,17,0,0,0,0,0,0,0,0,0,0,17,0.029411765,0.029411765,NA,NA,NA,NA,NA,NA,NA,NA,NA,NA,1,0,0,0,0,0,1,1,0,h o 10,1,0,0.058823529,0.058823529,0,17
h,w,10,10,2,11,8,3,8,2.079441542,3,4,NA,NA,NA,NA,1,NA,NA,NA,NA,1,0,0,0,0,0,0,0,0,1,1,0,0,0,0,0,0,0,0,0,0,0,0,0,0,0,0,0,0,0,0,0,0,0,0,0,0,0,0,0,0,0,0,0,1,0,0,0,0,0,0,1,0,0,0,1,0,0,0,0,0,0,0,0,0,0,0,0,0,0,0,0,0,0,0,0,0,0,0,0,0,0,0,1,0,0,0,0,0,1,0,0,0,0,0,6,9,145,0,0,0,0,4,0,0,0,0,158,0.025316456,0.166666667,0.013793103,NA,NA,NA,NA,0.125,NA,NA,NA,NA,2,1,3,1,1,1.494175138,2,8,4,h w 10,4,0.027586207,0.307692308,0.050632911,145,13
h,a,11,11,1,5,4,1,4,1.386294361,NA,4,NA,NA,NA,NA,NA,NA,NA,NA,NA,0,0,0,0,0,0,0,0,0,0,0,0,0,0,0,0,0,1,0,0,0,0,0,0,1,0,0,0,0,0,0,0,0,0,0,0,0,0,0,0,0,0,0,0,0,0,0,0,0,0,0,0,0,0,0,0,0,0,0,0,0,0,0,0,0,0,0,0,0,0,0,0,0,0,0,0,0,0,0,0,1,1,0,0,0,0,0,0,0,0,0,0,0,0,0,6,0,340,0,0,0,0,0,0,0,0,0,340,0.005882353,NA,0.005882353,NA,NA,NA,NA,NA,NA,NA,NA,NA,0,1,1,1,1,1.386294361,1,4,4,h a 11,0,0.011764706,0,0.011764706,340,0
h,o,11,11,1,2,1,1,1,0,0,NA,NA,NA,NA,NA,1,NA,NA,NA,0,0,0,0,0,0,0,0,0,0,0,0,0,0,0,0,0,0,0,0,0,0,0,0,0,0,0,0,0,0,0,0,0,0,0,0,0,0,0,0,0,0,0,0,0,0,1,0,0,0,0,0,0,0,0,0,0,0,0,0,0,0,0,0,0,0,0,0,0,0,0,0,0,0,0,0,0,0,0,0,0,0,0,0,0,0,0,0,0,0,0,0,0,0,0,0,6,4,0,0,0,0,0,11,0,0,0,25,40,0.0125,0,NA,NA,NA,NA,NA,0.045454545,NA,NA,NA,0,0,0,1,0,0,0,1,1,0,h o 11,1,0,0.025,0.025,0,40
h,w,11,11,2,11,11,3,8,2.145841753,1,5,NA,NA,NA,NA,5,NA,0,NA,0,0,0,0,0,0,0,0,0,0,0,2,0,0,0,0,0,0,0,0,0,0,0,0,0,0,0,0,0,1,0,0,0,1,0,0,0,0,0,0,0,1,0,0,0,0,2,0,0,0,0,0,0,0,0,0,0,0,0,0,0,0,0,0,1,0,0,0,0,0,0,0,0,0,0,0,0,0,0,0,0,0,0,0,1,2,0,0,0,0,0,0,0,0,0,0,6,12,345,0,0,0,0,43,0,0,0,0,400,0.01375,0.041666667,0.007246377,NA,NA,NA,NA,0.058139535,NA,NA,NA,NA,1,1,7,0,2,1.033562054,2,11,5,h w 11,6,0.014492754,0.109090909,0.0275,345,55
h,a,12,12,1,6,6,1,5,1.560710409,NA,6,NA,NA,NA,NA,NA,NA,NA,NA,NA,0,0,0,0,0,0,0,0,0,0,2,0,0,0,0,0,0,0,0,0,0,0,0,0,0,0,0,0,0,0,0,0,0,0,0,0,0,0,0,0,0,0,0,0,0,0,0,0,0,0,0,0,0,0,0,0,0,0,0,0,0,0,0,0,0,0,0,0,0,0,0,0,0,0,0,0,0,0,0,0,0,0,1,1,0,0,0,0,0,1,0,0,0,1,0,6,0,770,0,0,0,0,0,0,0,0,0,770,0.003896104,NA,0.003896104,NA,NA,NA,NA,NA,NA,NA,NA,NA,1,0,4,0,1,0.867563228,1,6,6,h a 12,0,0.007792208,0,0.007792208,770,0
h,o,12,12,1,2,1,1,1,0,0,NA,NA,NA,NA,NA,1,0,NA,NA,NA,0,0,0,0,0,0,0,0,0,0,0,0,0,0,0,0,0,0,0,0,0,0,0,0,0,0,0,0,0,0,0,0,0,0,0,0,0,0,0,0,0,0,0,0,0,0,0,0,0,0,0,0,0,0,0,0,0,0,0,0,0,0,0,0,0,0,0,0,0,0,0,0,0,0,0,0,0,0,0,1,0,0,0,0,0,0,0,0,0,0,0,0,0,0,0,6,11,0,0,0,0,0,3,0,0,0,0,14,0.035714286,0,NA,NA,NA,NA,NA,0.166666667,NA,NA,NA,NA,0,0,0,1,0,0,1,1,0,h o 12,1,0,0.071428571,0.071428571,0,14
h,w,12,12,2,14,12,4,10,2.48490665,3,6,0,NA,NA,NA,1,NA,NA,2,NA,0,0,0,0,0,0,0,1,0,1,1,1,0,0,0,0,0,2,0,0,0,0,0,0,0,0,0,0,0,0,0,0,0,0,0,0,0,0,0,0,0,0,0,0,0,1,0,0,0,0,0,0,0,0,0,0,0,0,0,0,1,0,0,0,0,1,0,0,0,0,0,0,0,0,0,0,0,0,0,0,0,0,0,0,0,0,0,0,0,1,0,0,0,0,2,6,4,125,0,0,0,0,26,0,0,32,0,187,0.032085561,0.375,0.024,NA,NA,NA,NA,0.019230769,NA,NA,0.03125,NA,2,0,10,0,0,0.450561209,2,12,6,h w 12,6,0.048,0.096774194,0.064171123,125,62
h,a,13,13,1,3,2,1,2,0.693147181,NA,2,NA,NA,NA,NA,NA,NA,NA,NA,NA,0,0,0,0,0,0,0,0,1,0,0,0,0,0,0,0,0,0,0,0,0,0,0,0,0,0,0,0,0,0,0,0,0,0,0,0,0,0,0,0,0,0,0,0,0,0,0,0,0,0,0,0,0,0,0,0,0,0,0,0,0,0,0,0,0,0,0,0,0,0,0,0,0,0,0,0,0,0,0,0,0,0,0,0,0,0,0,0,0,1,0,0,0,0,0,9,0,175,0,0,0,0,0,0,0,0,0,175,0.003809524,NA,0.003809524,NA,NA,NA,NA,NA,NA,NA,NA,NA,2,0,0,0,0,0,1,2,2,h a 13,0,0.011428571,0,0.011428571,175,0
h,o,13,13,1,4,2,2,2,0.693147181,1,NA,NA,0,NA,NA,0,1,NA,NA,NA,0,0,0,0,0,0,0,0,0,0,0,0,0,0,0,0,0,0,0,0,0,0,0,0,0,0,0,0,0,0,0,0,0,0,0,0,0,0,0,0,0,0,0,0,0,0,0,0,0,0,0,0,0,0,0,0,1,0,0,0,0,0,0,0,0,0,0,0,0,0,0,0,0,0,0,0,0,0,0,0,0,0,0,0,0,0,0,0,0,0,0,0,0,0,1,9,10,0,0,0,0,0,5,8,0,0,0,23,0.028985507,0.033333333,NA,NA,NA,NA,NA,0,0.041666667,NA,NA,NA,0,0,1,1,0,0.693147181,1,2,0,h o 13,2,0,0.086956522,0.086956522,0,23
h,w,13,13,2,10,8,3,7,1.906154747,NA,4,NA,NA,NA,NA,1,NA,NA,3,NA,0,0,0,0,0,0,0,0,0,0,2,0,0,0,0,0,0,1,0,1,0,0,0,0,0,0,0,0,0,1,0,0,0,0,0,0,0,0,0,0,0,0,0,0,0,0,0,0,0,0,0,0,0,0,0,0,0,1,0,1,0,1,0,0,0,0,0,0,0,0,0,0,0,0,0,0,0,0,0,0,0,0,0,0,0,0,0,0,0,0,0,0,0,0,0,9,0,825,0,0,0,0,5,0,0,17,0,847,0.003148367,NA,0.001616162,NA,NA,NA,NA,0.066666667,NA,NA,0.058823529,NA,0,1,6,1,0,0.73562194,2,8,4,h w 13,4,0.004848485,0.181818182,0.0094451,825,22
h,a,14,14,1,5,6,1,4,1.329661349,NA,6,NA,NA,NA,NA,NA,NA,NA,NA,NA,0,0,0,0,0,0,0,0,0,0,2,0,0,0,0,0,0,0,0,0,0,0,0,0,0,0,0,0,0,0,0,0,0,1,0,2,0,0,0,0,0,0,0,0,0,0,0,0,0,0,0,0,0,0,0,0,0,0,0,0,0,0,0,0,0,0,0,0,0,0,0,0,0,0,0,0,0,0,0,0,0,0,0,0,1,0,0,0,0,0,0,0,0,0,0,9,0,295,0,0,0,0,0,0,0,0,0,295,0.006779661,NA,0.006779661,NA,NA,NA,NA,NA,NA,NA,NA,NA,0,0,6,0,0,0,1,6,6,h a 14,0,0.020338983,0,0.020338983,295,0
h,o,14,14,1,5,3,2,3,1.098612289,2,NA,NA,1,NA,NA,0,NA,NA,0,NA,0,0,0,0,0,0,0,0,0,0,0,0,0,0,0,0,0,0,0,0,0,0,0,0,0,0,0,0,0,0,0,0,0,0,0,0,0,0,0,0,0,0,0,0,0,0,0,0,0,0,0,0,0,0,0,0,0,0,0,0,0,0,1,0,0,0,0,0,0,0,0,0,0,0,0,0,0,0,0,0,0,0,0,0,0,0,0,0,0,1,1,0,0,0,0,9,29,0,0,19,0,0,15,0,0,2,0,65,0.015384615,0.022988506,NA,NA,0.01754386,NA,NA,0,NA,NA,0,NA,1,0,2,0,0,0.636514168,1,3,0,h o 14,3,0,0.046153846,0.046153846,0,65
h,w,14,14,2,13,15,3,10,2.153532457,4,8,NA,NA,NA,NA,0,3,NA,NA,NA,0,0,0,0,1,0,0,0,0,0,4,0,0,0,0,0,0,0,0,0,0,0,0,0,0,1,0,0,0,0,0,0,0,0,0,1,0,0,0,0,0,0,0,0,0,0,0,0,0,0,0,0,0,1,0,0,0,0,0,0,1,0,0,0,0,0,1,0,0,2,0,0,0,0,0,0,0,0,0,0,0,0,0,1,0,0,0,0,0,0,0,0,0,0,2,9,39,520,0,0,0,0,7,10,0,0,0,576,0.008680556,0.034188034,0.005128205,NA,NA,NA,NA,0,0.1,NA,NA,NA,1,2,11,0,1,0.857174044,2,15,8,h w 14,7,0.015384615,0.125,0.026041667,520,56
s,a,1,15,1,7,6,1,6,1.791759469,NA,NA,NA,NA,NA,6,NA,NA,NA,NA,NA,0,0,0,0,0,0,0,0,0,0,1,0,0,1,0,0,0,0,0,0,0,1,0,1,0,0,0,0,0,0,0,0,0,0,0,0,0,0,1,0,0,0,0,0,0,0,0,0,0,0,0,0,0,0,0,0,0,0,0,0,0,0,0,0,0,0,0,0,0,0,0,0,1,0,0,0,0,0,0,0,0,0,0,0,0,0,0,0,0,0,0,0,0,0,0,9,0,0,0,0,0,1500,0,0,0,0,0,1500,0.001333333,NA,NA,NA,NA,NA,0.001333333,NA,NA,NA,NA,NA,0,4,2,0,0,0.636514168,1,6,6,s a 1,0,0.004,0,0.004,1500,0
s,o,1,15,1,3,3,1,2,0.636514168,3,NA,NA,NA,NA,NA,0,0,NA,NA,NA,0,0,0,0,0,0,0,0,0,0,0,0,0,0,0,0,0,0,0,0,0,0,1,0,0,0,0,0,0,0,0,0,0,0,0,0,0,0,0,0,0,0,0,0,0,0,0,0,0,0,0,0,0,0,0,0,0,0,0,0,2,0,0,0,0,0,0,0,0,0,0,0,0,0,0,0,0,0,0,0,0,0,0,0,0,0,0,0,0,0,0,0,0,0,0,9,10,0,0,0,0,0,5,2,0,0,0,17,0.058823529,0.1,NA,NA,NA,NA,NA,0,0,NA,NA,NA,1,0,2,0,0,0.636514168,1,3,0,s o 1,3,0,0.176470588,0.176470588,0,17
s,w,1,15,2,5,4,2,3,1.039720771,1,NA,NA,NA,NA,3,NA,0,NA,NA,NA,0,0,0,0,0,0,0,0,0,0,0,0,0,0,0,0,0,0,0,0,0,0,0,0,0,0,0,0,0,0,0,0,0,0,0,0,0,0,2,0,0,0,0,0,0,0,0,0,0,0,0,0,0,0,0,0,0,0,0,0,0,0,0,0,0,0,0,0,0,0,0,0,0,0,0,0,0,0,0,0,0,0,0,0,0,0,0,0,0,0,1,0,0,0,1,9,12,0,0,0,0,180,0,9,0,0,0,201,0.006633499,0.027777778,NA,NA,NA,NA,0.005555556,NA,0,NA,NA,NA,2,0,2,0,0,0.693147181,2,4,3,s w 1,1,0.016666667,0.047619048,0.019900498,180,21
s,a,2,16,1,4,6,1,3,0.867563228,NA,NA,NA,NA,NA,6,NA,NA,NA,NA,NA,0,0,0,0,0,0,0,0,0,0,4,0,0,0,0,0,0,0,0,0,0,0,0,0,0,0,0,0,0,0,0,0,0,0,0,1,0,0,0,0,0,0,0,0,0,0,0,0,0,0,0,0,0,0,0,0,0,0,0,0,0,0,0,0,0,0,0,0,0,0,0,0,0,0,0,0,0,0,0,0,0,0,1,0,0,0,0,0,0,0,0,0,0,0,0,7,0,0,0,0,0,320,0,0,0,0,0,320,0.008035714,NA,NA,NA,NA,NA,0.008035714,NA,NA,NA,NA,NA,0,0,6,0,0,0,1,6,6,s a 2,0,0.01875,0,0.01875,320,0
s,o,2,16,1,0,0,0,0,1.153741943,NA,NA,NA,NA,NA,NA,0,0,NA,NA,NA,0,0,0,0,0,0,0,0,0,0,0,0,0,0,0,0,0,0,0,0,0,0,0,0,0,0,0,0,0,0,0,0,0,0,0,0,0,0,0,0,0,0,0,0,0,0,0,0,0,0,0,0,0,0,0,0,0,0,0,0,0,0,0,0,0,0,0,0,0,0,0,0,0,0,0,0,0,0,0,0,0,0,0,0,0,0,0,0,0,0,0,0,0,0,0,7,0,0,0,0,0,0,10,23,0,0,0,33,0,NA,NA,NA,NA,NA,NA,0,0,NA,NA,NA,0,0,0,0,0,0,1,0,0,s o 2,0,0,0,0,0,33
s,w,2,16,2,12,11,4,8,1.972246979,NA,1,1,0,NA,8,1,NA,NA,NA,NA,0,0,0,0,0,0,0,0,0,0,3,0,0,0,0,0,0,0,0,0,0,0,0,0,0,0,0,0,0,0,0,0,0,0,1,1,0,0,0,0,1,0,0,0,0,0,0,0,0,0,0,1,0,0,0,0,0,0,0,0,0,0,0,1,0,0,0,0,0,0,0,0,0,0,0,0,0,0,0,0,0,0,2,1,0,0,0,0,0,0,0,0,0,0,0,7,0,20,1,25,0,145,9,0,0,0,0,200,0.023571429,NA,0.021428571,0.428571429,0,NA,0.02364532,0.047619048,NA,NA,NA,NA,0,1,9,0,1,0.600166073,2,11,9,s w 2,2,0.062068966,0.036363636,0.055,145,55
s,a,3,17,1,6,5,1,5,1.609437912,NA,NA,NA,NA,NA,5,NA,NA,NA,NA,NA,0,0,0,0,0,0,0,0,0,0,1,0,0,0,0,0,0,0,0,0,0,0,0,0,0,0,0,0,0,0,0,0,0,0,0,0,0,0,0,0,1,0,0,0,0,0,0,0,0,0,0,0,0,0,0,0,0,0,0,0,0,0,0,0,0,0,0,0,0,0,0,0,0,0,0,0,0,0,0,1,0,0,1,1,0,0,0,0,0,0,0,0,0,0,0,6,0,0,0,0,0,130,0,0,0,0,0,130,0.019230769,NA,NA,NA,NA,NA,0.019230769,NA,NA,NA,NA,NA,0,1,2,1,1,1.33217904,1,5,5,s a 3,0,0.038461538,0,0.038461538,130,0
s,o,3,17,1,0,0,0,0,1.153741943,NA,NA,NA,0,NA,NA,NA,NA,NA,NA,NA,0,0,0,0,0,0,0,0,0,0,0,0,0,0,0,0,0,0,0,0,0,0,0,0,0,0,0,0,0,0,0,0,0,0,0,0,0,0,0,0,0,0,0,0,0,0,0,0,0,0,0,0,0,0,0,0,0,0,0,0,0,0,0,0,0,0,0,0,0,0,0,0,0,0,0,0,0,0,0,0,0,0,0,0,0,0,0,0,0,0,0,0,0,0,0,6,0,0,0,21,0,0,0,0,0,0,0,21,0,NA,NA,NA,0,NA,NA,NA,NA,NA,NA,NA,0,0,0,0,0,0,1,0,0,s o 3,0,0,0,0,0,21
s,w,3,17,2,9,8,3,6,1.906154747,NA,3,NA,2,NA,3,0,NA,NA,NA,NA,0,0,0,0,0,0,0,0,0,0,1,0,0,0,0,0,0,0,0,0,0,0,0,0,0,0,0,0,0,0,0,0,0,0,0,0,0,0,0,0,2,0,0,0,0,0,0,0,0,0,0,1,0,0,1,0,0,0,0,0,0,0,0,0,0,0,0,0,0,0,0,0,0,0,0,0,0,0,0,0,0,0,1,0,2,0,0,0,0,0,0,0,0,0,0,6,0,40,0,25,0,130,5,0,0,0,0,200,0.02,NA,0.0375,NA,0.04,NA,0.011538462,0,NA,NA,NA,NA,0,2,6,0,0,0.562335145,2,8,6,s w 3,2,0.046153846,0.028571429,0.04,130,70
s,a,4,18,1,2,2,1,1,0,NA,NA,NA,NA,NA,2,NA,NA,NA,NA,NA,0,0,0,0,0,0,0,0,0,0,2,0,0,0,0,0,0,0,0,0,0,0,0,0,0,0,0,0,0,0,0,0,0,0,0,0,0,0,0,0,0,0,0,0,0,0,0,0,0,0,0,0,0,0,0,0,0,0,0,0,0,0,0,0,0,0,0,0,0,0,0,0,0,0,0,0,0,0,0,0,0,0,0,0,0,0,0,0,0,0,0,0,0,0,0,6,0,0,0,0,0,220,0,0,0,0,0,220,0.004545455,NA,NA,NA,NA,NA,0.004545455,NA,NA,NA,NA,NA,0,0,2,0,0,0,1,2,2,s a 4,0,0.009090909,0,0.009090909,220,0
s,o,4,18,1,2,1,1,1,0,NA,NA,NA,0,NA,NA,1,NA,NA,NA,NA,0,0,0,0,0,0,0,0,0,0,0,0,0,0,0,0,0,0,0,0,0,0,0,0,0,0,0,0,0,0,0,0,0,0,0,0,0,0,0,0,0,0,0,0,0,0,0,0,0,0,0,1,0,0,0,0,0,0,0,0,0,0,0,0,0,0,0,0,0,0,0,0,0,0,0,0,0,0,0,0,0,0,0,0,0,0,0,0,0,0,0,0,0,0,0,6,0,0,0,36,0,0,30,0,0,0,0,66,0.007575758,NA,NA,NA,0,NA,NA,0.016666667,NA,NA,NA,NA,0,0,1,0,0,0,1,1,0,s o 4,1,0,0.015151515,0.015151515,0,66
s,w,4,18,2,5,4,2,3,1.039720771,NA,NA,NA,1,NA,3,0,NA,NA,NA,NA,0,0,0,0,0,0,0,0,0,0,2,0,0,0,0,0,0,0,0,0,0,0,0,0,0,0,0,0,0,0,0,0,0,0,0,1,0,0,0,0,1,0,0,0,0,0,0,0,0,0,0,0,0,0,0,0,0,0,0,0,0,0,0,0,0,0,0,0,0,0,0,0,0,0,0,0,0,0,0,0,0,0,0,0,0,0,0,0,0,0,0,0,0,0,0,6,0,0,0,46,0,225,15,0,0,0,0,286,0.006993007,NA,NA,NA,0.010869565,NA,0.006666667,0,NA,NA,NA,NA,0,1,3,0,0,0.562335145,2,4,3,s w 4,1,0.013333333,0.016393443,0.013986014,225,61
s,a,5,19,1,6,5,1,5,1.609437912,NA,NA,NA,NA,NA,5,NA,NA,NA,NA,NA,0,0,0,0,0,0,0,0,0,0,1,0,0,0,0,0,0,0,0,0,0,0,0,0,0,0,0,0,0,0,0,0,0,0,0,1,0,0,0,0,0,0,0,0,0,0,0,0,0,0,0,0,0,0,0,0,1,0,0,0,0,0,0,0,0,0,0,0,0,0,0,0,0,1,0,0,0,0,0,0,0,0,1,0,0,0,0,0,0,0,0,0,0,0,0,9,0,0,0,0,0,805,0,0,0,0,0,805,0.002070393,NA,NA,NA,NA,NA,0.002070393,NA,NA,NA,NA,NA,0,0,4,1,0,0.500402424,1,5,5,s a 5,0,0.00621118,0,0.00621118,805,0
s,o,5,19,1,5,3,2,3,1.098612289,NA,NA,NA,0,NA,NA,1,NA,2,NA,NA,0,0,0,0,0,0,0,0,0,0,0,0,0,0,0,0,0,0,0,0,0,0,0,0,0,0,0,0,0,0,0,0,0,0,0,0,0,0,0,0,0,0,0,1,0,0,0,0,1,0,0,0,0,0,0,0,0,0,0,0,0,0,0,0,0,0,0,0,0,1,0,0,0,0,0,0,0,0,0,0,0,0,0,0,0,0,0,0,0,0,0,0,0,0,0,9,0,0,0,25,0,0,6,0,2,0,0,33,0.03030303,NA,NA,NA,0,NA,NA,0.055555556,NA,0.333333333,NA,NA,0,0,3,0,0,0,1,3,0,s o 5,3,0,0.090909091,0.090909091,0,33
s,w,5,19,2,7,5,2,5,1.609437912,NA,NA,NA,NA,NA,3,NA,NA,2,NA,NA,0,0,0,1,0,0,0,0,0,0,1,0,0,0,0,0,1,0,0,0,0,0,0,0,0,0,0,0,0,0,0,0,0,0,0,0,0,0,0,0,0,0,0,0,0,0,0,0,0,0,0,0,0,0,0,0,0,0,0,0,0,0,0,0,0,0,0,0,0,0,0,0,0,0,0,0,0,0,0,0,0,0,0,0,1,0,0,0,0,0,0,0,1,0,0,9,0,0,0,0,0,170,0,0,15,0,0,185,0.009009009,NA,NA,NA,NA,NA,0.005882353,NA,NA,0.044444444,NA,NA,1,0,3,1,0,0.950270539,2,5,3,s w 5,2,0.017647059,0.133333333,0.027027027,170,15
s,a,6,20,1,5,4,1,4,1.386294361,NA,NA,NA,NA,NA,4,NA,NA,NA,NA,NA,0,0,0,0,0,0,0,0,0,0,0,0,0,0,0,0,1,0,0,0,0,0,0,0,0,0,0,0,0,0,0,0,0,0,0,1,0,0,0,0,1,0,0,0,0,0,0,0,0,0,0,0,0,0,0,0,0,0,0,0,0,0,0,0,0,0,0,0,0,0,0,0,0,0,0,0,0,0,0,0,0,0,1,0,0,0,0,0,0,0,0,0,0,0,0,9,0,0,0,0,0,1250,0,0,0,0,0,1250,0.001066667,NA,NA,NA,NA,NA,0.001066667,NA,NA,NA,NA,NA,0,1,3,0,0,0.562335145,1,4,4,s a 6,0,0.0032,0,0.0032,1250,0
s,o,6,20,1,3,7,1,2,0.410116318,0,NA,NA,NA,NA,NA,NA,NA,NA,NA,7,0,0,0,0,0,0,0,0,0,0,6,0,0,0,0,0,0,0,0,0,0,0,0,0,0,0,0,0,0,0,0,0,0,0,0,0,0,0,0,0,0,0,0,0,0,0,0,0,0,0,0,0,0,0,0,0,0,0,0,0,1,0,0,0,0,0,0,0,0,0,0,0,0,0,0,0,0,0,0,0,0,0,0,0,0,0,0,0,0,0,0,0,0,0,0,9,12,0,0,0,0,0,0,0,0,0,60,72,0.032407407,0,NA,NA,NA,NA,NA,NA,NA,NA,NA,0.038888889,0,0,7,0,0,0,1,7,0,s o 6,7,0,0.097222222,0.097222222,0,72
s,w,6,20,2,10,10,2,8,2.025326221,2,NA,NA,NA,NA,8,NA,NA,NA,NA,NA,0,0,0,0,0,0,0,0,0,0,1,0,0,0,0,0,0,0,0,0,1,0,0,0,0,0,1,0,0,0,0,0,0,0,0,1,0,0,1,0,2,0,0,0,0,0,0,0,0,0,0,0,0,0,0,0,0,0,0,0,1,0,0,0,0,0,0,0,0,0,0,0,0,0,0,0,0,0,0,0,0,0,2,0,0,0,0,0,0,0,0,0,0,0,0,9,21,0,0,0,0,365,0,0,0,0,0,386,0.008635579,0.031746032,NA,NA,NA,NA,0.007305936,NA,NA,NA,NA,NA,2,3,5,0,0,1.029653014,2,10,8,s w 6,2,0.021917808,0.095238095,0.025906736,365,21
s,a,7,21,1,6,6,1,5,1.560710409,NA,NA,NA,NA,NA,6,NA,NA,NA,NA,NA,0,0,0,0,0,0,0,0,0,1,2,0,0,0,0,0,0,0,0,0,0,0,0,0,0,0,0,0,0,1,0,0,0,0,0,0,0,0,0,0,0,0,0,0,0,0,0,0,0,0,0,1,0,0,0,0,0,0,0,0,0,1,0,0,0,0,0,0,0,0,0,0,0,0,0,0,0,0,0,0,0,0,0,0,0,0,0,0,0,0,0,0,0,0,0,9,0,0,0,0,0,1070,0,0,0,0,0,1070,0.001869159,NA,NA,NA,NA,NA,0.001869159,NA,NA,NA,NA,NA,0,1,5,0,0,0.450561209,1,6,6,s a 7,0,0.005607477,0,0.005607477,1070,0
s,o,7,21,1,4,9,1,3,0.683738906,0,NA,0,NA,NA,NA,0,NA,NA,NA,9,0,0,0,0,0,0,0,0,0,0,7,0,0,0,0,0,0,0,0,1,0,0,0,0,0,0,0,0,0,0,0,0,0,0,0,0,0,0,0,0,0,0,0,0,0,0,0,0,0,0,1,0,0,0,0,0,0,0,0,0,0,0,0,0,0,0,0,0,0,0,0,0,0,0,0,0,0,0,0,0,0,0,0,0,0,0,0,0,0,0,0,0,0,0,0,9,11,0,0,0,0,0,0,0,0,0,90,101,0.02970297,0,NA,NA,NA,NA,NA,NA,NA,NA,NA,0.033333333,0,0,9,0,0,0,1,9,0,s o 7,9,0,0.089108911,0.089108911,0,101
s,w,7,21,2,8,7,2,6,1.747868097,0,NA,NA,NA,NA,4,NA,NA,NA,NA,3,0,0,0,0,0,0,0,0,0,0,2,0,0,0,0,0,0,0,0,0,0,0,0,0,0,0,0,0,0,0,0,0,0,0,0,1,0,0,1,0,0,0,0,0,0,0,0,0,0,0,1,0,0,0,0,1,0,0,1,0,0,0,0,0,0,0,0,0,0,0,0,0,0,0,0,0,0,0,0,0,0,0,0,0,0,0,0,0,0,0,0,0,0,0,0,9,27,0,0,0,0,820,0,0,0,0,65,912,0.00255848,0,NA,NA,NA,NA,0.001626016,NA,NA,NA,NA,0.015384615,1,1,4,1,0,1.153741943,2,7,4,s w 7,3,0.004878049,0.032608696,0.007675439,820,92
s,a,8,22,1,3,2,1,2,0.693147181,NA,NA,NA,NA,NA,2,NA,NA,NA,NA,NA,0,0,0,0,0,0,0,0,0,0,0,0,0,0,0,0,0,0,0,0,0,0,0,0,0,0,0,0,0,1,0,0,0,0,0,0,0,0,0,0,0,0,0,0,0,0,0,0,0,0,0,0,0,0,0,0,0,0,0,0,0,0,0,0,0,0,0,1,0,0,0,0,0,0,0,0,0,0,0,0,0,0,0,0,0,0,0,0,0,0,0,0,0,0,0,9,0,0,0,0,0,329,0,0,0,0,0,329,0.002026342,NA,NA,NA,NA,NA,0.002026342,NA,NA,NA,NA,NA,0,0,2,0,0,0,1,2,2,s a 8,0,0.006079027,0,0.006079027,329,0
s,o,8,22,1,11,13,4,7,1.839296748,NA,NA,NA,0,1,NA,1,NA,NA,3,8,1,1,0,0,0,0,0,0,0,0,5,0,0,0,1,0,0,0,0,0,0,0,0,0,0,0,0,0,0,0,0,0,0,0,0,0,0,0,0,0,0,0,0,0,0,0,0,0,0,0,0,2,0,0,0,0,0,0,0,0,0,0,0,0,0,0,0,0,0,0,0,0,0,0,0,0,0,0,0,0,0,0,2,0,1,0,0,0,0,0,0,0,0,0,0,9,0,0,0,26,7,0,4,0,0,47,21,105,0.041269841,NA,NA,NA,0,0.047619048,NA,0.083333333,NA,NA,0.021276596,0.126984127,2,0,11,0,0,0.429323022,1,13,0,s o 8,13,0,0.123809524,0.123809524,0,105
s,w,8,22,2,8,6,2,6,1.791759469,NA,NA,0,NA,2,4,0,NA,NA,NA,NA,0,0,0,0,0,0,0,0,0,0,1,0,0,0,0,0,0,0,0,0,1,0,0,0,0,0,0,0,0,0,0,0,0,0,0,0,0,0,0,0,0,0,0,0,0,0,0,0,0,0,0,0,0,0,0,0,1,0,0,0,0,0,0,0,0,0,0,0,0,0,0,0,0,0,0,0,0,1,0,0,0,0,1,1,0,0,0,0,0,0,0,0,0,0,0,9,0,0,0,0,10,89,12,0,0,0,0,111,0.018018018,NA,NA,NA,NA,0.066666667,0.014981273,0,NA,NA,NA,NA,0,1,2,2,1,1.329661349,2,6,4,s w 8,2,0.04494382,0.090909091,0.054054054,89,22
s,a,9,23,1,7,8,1,6,1.667461933,NA,NA,NA,NA,NA,8,NA,NA,NA,NA,NA,0,0,0,0,1,0,0,0,0,0,3,0,0,0,0,0,0,0,0,0,1,0,0,0,0,0,0,1,0,0,0,0,0,0,0,1,0,0,1,0,0,0,0,0,0,0,0,0,0,0,0,0,0,0,0,0,0,0,0,0,0,0,0,0,0,0,0,0,0,0,0,0,0,0,0,0,0,0,0,0,0,0,0,0,0,0,0,0,0,0,0,0,0,0,0,6,0,0,0,0,0,245,0,0,0,0,0,245,0.016326531,NA,NA,NA,NA,NA,0.016326531,NA,NA,NA,NA,NA,1,2,5,0,0,0.900256051,1,8,8,s a 9,0,0.032653061,0,0.032653061,245,0
s,o,9,23,1,2,1,1,1,0,1,NA,NA,NA,NA,NA,NA,NA,NA,NA,0,0,0,0,0,0,0,0,0,0,0,0,0,0,0,0,0,0,0,0,0,0,0,0,0,0,0,0,0,0,0,0,0,0,0,0,0,0,0,0,0,0,0,0,0,0,0,0,0,0,0,0,0,0,0,0,0,0,0,0,0,1,0,0,0,0,0,0,0,0,0,0,0,0,0,0,0,0,0,0,0,0,0,0,0,0,0,0,0,0,0,0,0,0,0,0,6,15,0,0,0,0,0,0,0,0,0,0,15,0.033333333,0.033333333,NA,NA,NA,NA,NA,NA,NA,NA,NA,NA,0,0,1,0,0,0,1,1,0,s o 9,1,0,0.066666667,0.066666667,0,15
s,w,9,23,2,5,7,1,4,1.277034259,0,0,NA,NA,NA,7,0,0,NA,0,NA,0,0,0,0,0,0,0,0,0,0,3,0,0,0,0,0,1,0,0,0,0,0,0,0,0,0,0,0,0,0,0,0,0,0,0,0,0,0,0,0,0,0,0,0,0,0,0,0,0,0,0,0,0,0,0,0,0,0,0,0,0,0,0,0,0,0,0,0,0,0,0,0,0,0,0,0,0,0,0,0,0,0,2,0,0,0,0,0,0,1,0,0,0,0,0,6,9,50,0,0,0,405,0,0,0,0,0,464,0.007543103,0,0,NA,NA,NA,0.008641975,NA,NA,NA,NA,NA,1,0,6,0,0,0.410116318,2,7,7,s w 9,0,0.017283951,0,0.015086207,405,59
s,a,10,24,1,4,4,1,3,1.039720771,NA,NA,NA,NA,NA,4,NA,NA,NA,NA,NA,0,0,0,0,0,0,0,0,0,0,2,0,0,0,0,0,0,0,0,0,0,0,0,0,0,0,0,0,0,0,0,0,0,0,0,0,0,0,1,0,0,0,0,0,0,0,0,0,0,0,0,0,0,0,0,0,0,0,0,0,0,0,0,0,0,0,0,0,0,0,0,0,0,0,0,0,0,0,0,0,0,0,0,0,1,0,0,0,0,0,0,0,0,0,0,6,0,0,0,0,0,185,0,0,0,0,0,185,0.010810811,NA,NA,NA,NA,NA,0.010810811,NA,NA,NA,NA,NA,1,0,3,0,0,0.562335145,1,4,4,s a 10,0,0.021621622,0,0.021621622,185,0
s,o,10,24,1,2,1,1,1,0,NA,NA,NA,NA,NA,NA,0,1,NA,0,NA,0,0,0,0,0,0,0,0,0,0,0,0,0,0,0,0,0,0,0,0,0,0,0,0,0,0,0,0,0,0,0,0,0,0,0,0,0,0,0,0,1,0,0,0,0,0,0,0,0,0,0,0,0,0,0,0,0,0,0,0,0,0,0,0,0,0,0,0,0,0,0,0,0,0,0,0,0,0,0,0,0,0,0,0,0,0,0,0,0,0,0,0,0,0,0,6,0,0,0,0,0,0,11,10,0,0,0,21,0.023809524,NA,NA,NA,NA,NA,NA,0,0.05,NA,NA,NA,0,1,0,0,0,0,1,1,0,s o 10,1,0,0.047619048,0.047619048,0,21
s,w,10,24,2,2,1,1,1,0,NA,NA,NA,NA,NA,1,0,NA,NA,NA,NA,0,0,0,0,0,0,0,0,0,0,0,0,0,0,0,0,0,0,0,0,0,0,0,0,0,0,0,0,0,0,0,0,0,0,0,0,0,0,1,0,0,0,0,0,0,0,0,0,0,0,0,0,0,0,0,0,0,0,0,0,0,0,0,0,0,0,0,0,0,0,0,0,0,0,0,0,0,0,0,0,0,0,0,0,0,0,0,0,0,0,0,0,0,0,0,6,0,0,0,0,0,210,3,0,0,0,0,213,0.002347418,NA,NA,NA,NA,NA,0.002380952,0,NA,NA,NA,NA,0,0,1,0,0,0,2,1,1,s w 10,0,0.004761905,0,0.004694836,210,3
s,a,11,25,1,4,4,1,3,1.039720771,NA,NA,NA,NA,NA,4,NA,NA,NA,NA,NA,0,0,0,0,0,1,0,0,0,0,2,0,0,0,0,0,0,0,0,0,0,0,0,0,0,0,0,0,0,0,0,1,0,0,0,0,0,0,0,0,0,0,0,0,0,0,0,0,0,0,0,0,0,0,0,0,0,0,0,0,0,0,0,0,0,0,0,0,0,0,0,0,0,0,0,0,0,0,0,0,0,0,0,0,0,0,0,0,0,0,0,0,0,0,0,6,0,0,0,0,0,380,0,0,0,0,0,380,0.005263158,NA,NA,NA,NA,NA,0.005263158,NA,NA,NA,NA,NA,0,0,4,0,0,0,1,4,4,s a 11,0,0.010526316,0,0.010526316,380,0
s,o,11,25,1,5,3,2,3,1.098612289,1,NA,NA,NA,NA,NA,2,NA,NA,NA,NA,0,0,0,0,0,0,0,1,0,0,0,0,0,0,0,0,0,0,0,0,0,0,0,0,0,0,0,0,0,0,0,0,0,0,0,0,0,0,0,0,0,0,0,0,0,1,0,0,0,0,0,1,0,0,0,0,0,0,0,0,0,0,0,0,0,0,0,0,0,0,0,0,0,0,0,0,0,0,0,0,0,0,0,0,0,0,0,0,0,0,0,0,0,0,0,6,10,0,0,0,0,0,35,0,0,0,0,45,0.033333333,0.05,NA,NA,NA,NA,NA,0.028571429,NA,NA,NA,NA,0,0,3,0,0,0,1,3,0,s o 11,3,0,0.066666667,0.066666667,0,45
s,w,11,25,2,4,2,2,2,0.693147181,NA,NA,NA,NA,NA,1,1,0,NA,NA,NA,0,0,0,0,0,0,0,0,0,0,0,0,0,0,0,0,0,0,0,0,0,0,0,0,0,0,0,0,0,0,0,0,0,0,0,0,0,0,0,0,0,0,0,0,0,1,0,0,0,0,0,0,0,0,0,0,0,0,0,0,0,0,0,0,0,0,0,0,0,0,0,0,0,0,0,0,0,0,0,0,0,0,1,0,0,0,0,0,0,0,0,0,0,0,0,6,0,0,0,0,0,90,11,0,0,0,0,101,0.00990099,NA,NA,NA,NA,NA,0.005555556,0.045454545,NA,NA,NA,NA,0,0,2,0,0,0,2,2,1,s w 11,1,0.011111111,0.090909091,0.01980198,90,11
s,a,12,26,1,5,4,1,4,1.386294361,NA,NA,NA,NA,NA,4,NA,NA,NA,NA,NA,0,0,0,0,0,0,0,0,0,0,1,0,0,0,0,0,0,0,0,0,0,0,0,0,0,0,0,0,0,0,0,0,0,0,0,1,0,0,0,0,0,0,0,0,0,0,0,0,0,0,0,0,0,0,0,0,0,0,0,0,0,0,0,0,0,0,0,0,0,0,0,0,0,0,0,0,0,0,0,0,0,0,0,1,0,0,0,1,0,0,0,0,0,0,0,6,0,0,0,0,0,83,0,0,0,0,0,83,0.024096386,NA,NA,NA,NA,NA,0.024096386,NA,NA,NA,NA,NA,0,0,2,0,2,0.693147181,1,4,4,s a 12,0,0.048192771,0,0.048192771,83,0
s,o,12,26,1,2,3,1,1,0,3,NA,NA,NA,NA,NA,NA,0,NA,NA,NA,0,0,0,0,0,0,0,0,0,0,0,0,0,0,0,0,0,0,0,0,0,0,0,0,0,0,0,0,0,0,0,0,0,0,0,0,0,0,0,0,0,0,0,0,0,0,0,0,0,0,0,0,0,0,0,0,0,0,0,0,3,0,0,0,0,0,0,0,0,0,0,0,0,0,0,0,0,0,0,0,0,0,0,0,0,0,0,0,0,0,0,0,0,0,0,6,20,0,0,0,0,0,0,0,0,0,0,20,0.075,0.075,NA,NA,NA,NA,NA,NA,NA,NA,NA,NA,0,0,3,0,0,0,1,3,0,s o 12,3,0,0.15,0.15,0,20
s,w,12,26,2,5,4,1,4,1.386294361,0,NA,NA,NA,NA,4,NA,NA,NA,NA,NA,0,0,0,0,0,0,0,0,0,0,1,0,0,0,0,0,0,0,0,0,0,0,0,0,0,0,0,0,0,0,0,0,0,0,0,0,0,0,0,0,0,0,0,0,0,0,0,0,0,0,0,0,0,0,0,0,0,0,0,0,0,0,0,0,0,0,0,0,0,0,0,0,0,0,0,0,0,0,0,0,0,0,1,0,1,0,0,0,0,0,0,0,1,0,0,6,16,0,0,0,0,63,0,0,0,0,0,79,0.025316456,0,NA,NA,NA,NA,0.031746032,NA,NA,NA,NA,NA,1,0,3,0,0,0.562335145,2,4,4,s w 12,0,0.063492063,0,0.050632911,63,16
s,a,13,27,1,7,10,1,6,1.609437912,NA,NA,NA,NA,NA,10,NA,NA,NA,NA,NA,0,0,1,0,0,0,0,0,0,0,4,0,0,0,0,0,1,0,0,0,0,0,0,0,0,0,0,0,0,0,0,0,0,0,0,0,0,1,0,0,0,0,0,0,0,0,0,0,0,0,0,0,0,0,0,0,0,0,0,0,0,0,0,0,0,0,0,0,0,0,1,0,0,0,0,0,0,0,0,0,0,0,2,0,0,0,0,0,0,0,0,0,0,0,0,9,0,0,0,0,0,515,0,0,0,0,0,515,0.006472492,NA,NA,NA,NA,NA,0.006472492,NA,NA,NA,NA,NA,1,0,8,1,0,0.63903186,1,10,10,s a 13,0,0.019417476,0,0.019417476,515,0
s,o,13,27,1,8,10,1,7,1.83437197,NA,NA,NA,NA,NA,NA,NA,NA,10,NA,NA,0,0,0,0,0,0,0,0,0,0,0,0,0,0,0,1,0,0,0,0,0,0,0,0,0,0,0,0,0,0,0,0,0,0,0,1,0,0,0,0,0,0,0,0,0,0,0,0,0,0,0,0,0,0,0,0,0,1,0,0,0,0,0,0,0,0,0,0,0,2,0,0,0,0,0,0,0,0,0,0,0,0,1,0,3,0,0,0,0,0,0,1,0,0,0,9,0,0,0,0,0,0,0,0,9,0,0,9,0.37037037,NA,NA,NA,NA,NA,NA,NA,NA,0.37037037,NA,NA,1,0,9,0,0,0.325082973,1,10,0,s o 13,10,0,1.111111111,1.111111111,0,9
s,w,13,27,2,6,6,2,4,1.242453325,NA,NA,NA,NA,NA,4,0,NA,2,NA,NA,0,0,0,0,0,0,0,0,0,0,3,0,0,0,0,0,0,0,0,0,0,0,0,0,0,0,0,0,0,0,0,0,0,0,0,1,0,0,0,0,0,0,0,0,0,0,0,0,0,0,0,0,0,0,0,0,1,0,0,0,0,0,0,0,0,0,0,0,0,1,0,0,0,0,0,0,0,0,0,0,0,0,0,0,0,0,0,0,0,0,0,0,0,0,0,9,0,0,0,0,0,155,4,0,17,0,0,176,0.011363636,NA,NA,NA,NA,NA,0.008602151,0,NA,0.039215686,NA,NA,0,0,5,1,0,0.450561209,2,6,4,s w 13,2,0.025806452,0.095238095,0.034090909,155,21
s,a,14,28,1,8,8,1,7,1.906154747,NA,NA,NA,NA,NA,8,NA,NA,NA,NA,NA,0,0,0,0,0,0,0,1,0,0,2,0,1,0,0,0,0,0,0,0,0,0,0,0,0,0,0,0,0,0,0,0,0,0,0,0,0,0,0,0,0,0,0,0,0,0,0,0,0,0,0,1,0,0,0,0,0,0,0,0,0,0,0,0,0,0,0,0,0,0,0,1,0,0,0,0,0,0,0,0,0,0,1,0,1,0,0,0,0,0,0,0,0,0,0,9,0,0,0,0,0,720,0,0,0,0,0,720,0.003703704,NA,NA,NA,NA,NA,0.003703704,NA,NA,NA,NA,NA,0,1,7,0,0,0.376770161,1,8,8,s a 14,0,0.011111111,0,0.011111111,720,0
s,o,14,28,1,10,10,2,8,1.973001406,NA,NA,NA,NA,1,NA,NA,NA,0,9,NA,0,0,0,0,0,0,0,0,0,1,0,0,0,0,0,0,0,0,0,0,0,0,0,0,1,0,0,0,0,0,0,0,0,0,0,0,0,0,0,0,0,0,0,0,0,0,0,0,0,0,0,0,0,0,0,0,0,0,0,1,3,0,0,1,0,0,0,0,0,0,0,0,0,0,0,0,1,0,0,0,0,0,0,0,1,0,0,0,0,0,0,0,0,0,1,9,0,0,0,0,2,0,0,0,16,108,0,126,0.026455026,NA,NA,NA,NA,0.166666667,NA,NA,NA,0,0.027777778,NA,0,1,9,0,0,0.325082973,1,10,0,s o 14,10,0,0.079365079,0.079365079,0,126
s,w,14,28,2,11,14,3,8,1.908535282,NA,NA,NA,NA,1,9,NA,NA,0,4,NA,0,0,0,0,0,0,0,0,0,0,4,0,0,0,0,0,0,0,0,1,0,0,0,0,0,0,0,0,0,0,0,0,0,0,0,3,0,0,0,0,0,0,0,0,0,1,1,0,0,0,0,0,0,0,0,0,0,0,0,0,2,0,0,0,0,0,0,0,0,1,0,0,0,0,0,0,0,0,0,0,0,0,0,0,0,0,0,0,1,0,0,0,0,0,0,9,0,0,0,0,1,660,0,0,0,24,0,685,0.006812652,NA,NA,NA,NA,0.333333333,0.004545455,NA,NA,NA,0.055555556,NA,0,0,13,0,1,0.257318641,2,14,9,s w 14,5,0.013636364,0.2,0.020437956,660,25