Site,Year,Date,Start_time,End_time,Start_lat,End_lat,Start_lon,End_lon,Distance_surveyed_km,Observer,Perpend_dist_to_nest
colv,2013,15-Jun-13,12:06,12:46,70.43753,70.44423,150.67847,150.70529,1.25,rharned,3
colv,2013,15-Jun-13,12:06,12:46,70.43753,70.44423,150.67847,150.70529,1.25,rharned,5
colv,2013,15-Jun-13,12:06,12:46,70.43753,70.44423,150.67847,150.70529,1.25,rharned,5
colv,2013,15-Jun-13,12:06,12:46,70.43753,70.44423,150.67847,150.70529,1.25,rharned,8
colv,2013,15-Jun-13,12:12,12:39,70.4366,70.42825,150.67606,150.66589,1,bwilkinson,0
colv,2013,15-Jun-13,12:12,12:39,70.4366,70.42825,150.67606,150.66589,1,bwilkinson,1
colv,2013,15-Jun-13,12:12,12:39,70.4366,70.42825,150.67606,150.66589,1,bwilkinson,10
colv,2013,15-Jun-13,12:12,12:39,70.4366,70.42825,150.67606,150.66589,1,bwilkinson,10
colv,2013,15-Jun-13,12:12,12:39,70.4366,70.42825,150.67606,150.66589,1,bwilkinson,11
colv,2013,15-Jun-13,12:12,12:39,70.4366,70.42825,150.67606,150.66589,1,bwilkinson,3
colv,2013,15-Jun-13,12:50,13:05,70.42738,70.42377,150.66753,150.67552,0.5,bwilkinson,6
colv,2013,15-Jun-13,12:50,13:05,70.42738,70.42377,150.66753,150.67552,0.5,bwilkinson,7
colv,2013,15-Jun-13,13:28,13:40,70.4228,70.41901,150.67863,150.67145,0.5,bwilkinson,none
colv,2013,15-Jun-13,14:30,14:50,70.43436,70.43939,150.69948,150.70232,0.547,scarvey,none
colv,2013,15-Jun-13,14:55,15:20,70.43939,70.44382,150.70232,150.70097,0.497,scarvey,1
colv,2013,15-Jun-13,14:55,15:20,70.43939,70.44382,150.70232,150.70097,0.497,scarvey,4
colv,2013,15-Jun-13,19:13,19:26,70.42512,70.42684,150.69287,150.68341,0.4,bwilkinson,none
barr,2010,12-Jun-10,07:56,08:45,71.26135,71.26652,156.84009,156.7763,0.5,rlanctot,1
barr,2010,12-Jun-10,07:56,08:45,71.26135,71.26652,156.84009,156.7763,0.5,rlanctot,1
barr,2010,12-Jun-10,07:56,08:45,71.26135,71.26652,156.84009,156.7763,0.5,rlanctot,2
barr,2010,12-Jun-10,07:56,08:45,71.26135,71.26652,156.84009,156.7763,0.5,rlanctot,2
barr,2010,12-Jun-10,07:56,08:45,71.26135,71.26652,156.84009,156.7763,0.5,rlanctot,2
barr,2010,12-Jun-10,07:56,08:45,71.26135,71.26652,156.84009,156.7763,0.5,rlanctot,2
barr,2010,12-Jun-10,07:56,08:45,71.26135,71.26652,156.84009,156.7763,0.5,rlanctot,3
barr,2010,12-Jun-10,07:56,08:45,71.26135,71.26652,156.84009,156.7763,0.5,rlanctot,5
barr,2010,12-Jun-10,07:56,08:45,71.26135,71.26652,156.84009,156.7763,0.5,rlanctot,8
barr,2013,12-Jun-13,07:56,08:45,71.26135,71.26652,156.84009,156.7763,0.5,rlanctot,1
barr,2013,12-Jun-13,07:56,08:45,71.26135,71.26652,156.84009,156.7763,0.5,rlanctot,1
barr,2013,12-Jun-13,07:56,08:45,71.26135,71.26652,156.84009,156.7763,0.5,rlanctot,2
barr,2013,12-Jun-13,07:56,08:45,71.26135,71.26652,156.84009,156.7763,0.5,rlanctot,2
barr,2013,12-Jun-13,07:56,08:45,71.26135,71.26652,156.84009,156.7763,0.5,rlanctot,2
barr,2013,12-Jun-13,07:56,08:45,71.26135,71.26652,156.84009,156.7763,0.5,rlanctot,3
barr,2013,12-Jun-13,07:56,08:45,71.26135,71.26652,156.84009,156.7763,0.5,rlanctot,5
barr,2013,12-Jun-13,07:56,08:45,71.26135,71.26652,156.84009,156.7763,0.5,rlanctot,8
cakr,2010,12-Jun-10,07:56,08:45,71.26135,71.26652,156.84009,156.7763,0.5,rgates,1
cakr,2010,12-Jun-10,07:56,08:45,71.26135,71.26652,156.84009,156.7763,0.5,rgates,1
cakr,2010,12-Jun-10,07:56,08:45,71.26135,71.26652,156.84009,156.7763,0.5,rgates,2
cakr,2010,12-Jun-10,07:56,08:45,71.26135,71.26652,156.84009,156.7763,0.5,rgates,2
cakr,2010,12-Jun-10,07:56,08:45,71.26135,71.26652,156.84009,156.7763,0.5,rgates,2
cakr,2010,12-Jun-10,07:56,08:45,71.26135,71.26652,156.84009,156.7763,0.5,rgates,3
cakr,2010,12-Jun-10,07:56,08:45,71.26135,71.26652,156.84009,156.7763,0.5,rgates,5
cakr,2010,12-Jun-10,07:56,08:45,71.26135,71.26652,156.84009,156.7763,0.5,rgates,8
colv,2012,12-Jun-12,10:18,10:53,70.43658,70.42759,150.67555,150.66948,1,bwilkinson,1
colv,2012,12-Jun-12,10:18,10:53,70.43658,70.42759,150.67555,150.66948,1,bwilkinson,2
colv,2012,12-Jun-12,10:18,10:53,70.43658,70.42759,150.67555,150.66948,1,bwilkinson,27
colv,2012,12-Jun-12,10:18,10:53,70.43658,70.42759,150.67555,150.66948,1,bwilkinson,4
colv,2012,12-Jun-12,10:18,10:53,70.43658,70.42759,150.67555,150.66948,1,bwilkinson,8
colv,2012,12-Jun-12,10:56,11:22,70.42757,70.4227,150.66948,150.69189,1,bwilkinson,0
colv,2012,12-Jun-12,10:56,11:22,70.42757,70.4227,150.66948,150.69189,1,bwilkinson,1
colv,2012,12-Jun-12,10:56,11:22,70.42757,70.4227,150.66948,150.69189,1,bwilkinson,3
colv,2012,12-Jun-12,10:56,11:22,70.42757,70.4227,150.66948,150.69189,1,bwilkinson,5
colv,2012,12-Jun-12,10:56,11:22,70.42757,70.4227,150.66948,150.69189,1,bwilkinson,9
colv,2012,12-Jun-12,11:38,11:50,70.42101,70.42548,150.69292,150.69374,0.5,bwilkinson,3
colv,2012,12-Jun-12,13:24,13:41,70.44381,70.44189,150.69307,150.68948,0.25,dpavlik,8
colv,2012,12-Jun-12,13:24,13:41,70.44381,70.44189,150.69307,150.68948,0.25,dpavlik,9
colv,2012,12-Jun-12,13:24,13:41,70.44381,70.44189,150.69307,150.68948,0.25,dpavlik,9
colv,2012,12-Jun-12,13:46,14:16,70.44189,70.43671,150.68948,150.70328,0.775,dpavlik,1
colv,2012,12-Jun-12,13:46,14:16,70.44189,70.43671,150.68948,150.70328,0.775,dpavlik,3
colv,2012,12-Jun-12,13:46,14:16,70.44189,70.43671,150.68948,150.70328,0.775,dpavlik,3
colv,2012,12-Jun-12,13:46,14:16,70.44189,70.43671,150.68948,150.70328,0.775,dpavlik,4
colv,2012,12-Jun-12,13:46,14:16,70.44189,70.43671,150.68948,150.70328,0.775,dpavlik,4
colv,2012,12-Jun-12,13:46,14:16,70.44189,70.43671,150.68948,150.70328,0.775,dpavlik,5
colv,2012,12-Jun-12,14:19,14:25,70.43671,70.4353,150.70328,150.70404,0.16,dpavlik,none
colv,2012,12-Jun-12,14:26,15:16,70.4353,70.43825,150.70404,150.67868,1,dpavlik,0
colv,2012,12-Jun-12,14:26,15:16,70.4353,70.43825,150.70404,150.67868,1,dpavlik,1
colv,2012,12-Jun-12,14:26,15:16,70.4353,70.43825,150.70404,150.67868,1,dpavlik,19
colv,2012,12-Jun-12,14:26,15:16,70.4353,70.43825,150.70404,150.67868,1,dpavlik,2
colv,2012,12-Jun-12,14:26,15:16,70.4353,70.43825,150.70404,150.67868,1,dpavlik,3
colv,2012,12-Jun-12,14:26,15:16,70.4353,70.43825,150.70404,150.67868,1,dpavlik,5
colv,2012,12-Jun-12,14:26,15:16,70.4353,70.43825,150.70404,150.67868,1,dpavlik,5
colv,2012,12-Jun-12,14:26,15:16,70.4353,70.43825,150.70404,150.67868,1,dpavlik,6
colv,2012,12-Jun-12,15:17,15:37,70.43825,70.44106,150.67868,150.69106,0.55,dpavlik,0
colv,2012,12-Jun-12,15:17,15:37,70.43825,70.44106,150.67868,150.69106,0.55,dpavlik,0
colv,2012,12-Jun-12,15:17,15:37,70.43825,70.44106,150.67868,150.69106,0.55,dpavlik,1
colv,2012,12-Jun-12,15:17,15:37,70.43825,70.44106,150.67868,150.69106,0.55,dpavlik,2
colv,2012,12-Jun-12,15:17,15:37,70.43825,70.44106,150.67868,150.69106,0.55,dpavlik,2
colv,2012,12-Jun-12,15:17,15:37,70.43825,70.44106,150.67868,150.69106,0.55,dpavlik,2
colv,2012,12-Jun-12,15:17,15:37,70.43825,70.44106,150.67868,150.69106,0.55,dpavlik,2
colv,2012,12-Jun-12,15:17,15:37,70.43825,70.44106,150.67868,150.69106,0.55,dpavlik,3
colv,2012,12-Jun-12,15:17,15:37,70.43825,70.44106,150.67868,150.69106,0.55,dpavlik,3
colv,2012,12-Jun-12,15:17,15:37,70.43825,70.44106,150.67868,150.69106,0.55,dpavlik,4
colv,2012,12-Jun-12,15:17,15:37,70.43825,70.44106,150.67868,150.69106,0.55,dpavlik,4
colv,2012,12-Jun-12,15:17,15:37,70.43825,70.44106,150.67868,150.69106,0.55,dpavlik,4
colv,2012,12-Jun-12,15:17,15:37,70.43825,70.44106,150.67868,150.69106,0.55,dpavlik,4
colv,2012,12-Jun-12,15:17,15:37,70.43825,70.44106,150.67868,150.69106,0.55,dpavlik,5
colv,2012,12-Jun-12,15:17,15:37,70.43825,70.44106,150.67868,150.69106,0.55,dpavlik,6
colv,2012,12-Jun-12,15:17,15:37,70.43825,70.44106,150.67868,150.69106,0.55,dpavlik,9
colv,2012,12-Jun-12,15:17,15:37,70.43825,70.44106,150.67868,150.69106,0.55,dpavlik,9
colv,2012,12-Jun-12,15:17,15:37,70.43825,70.44106,150.67868,150.69106,0.55,dpavlik,9
colv,2012,12-Jun-12,15:17,15:37,70.43825,70.44106,150.67868,150.69106,0.55,dpavlik,9
colv,2012,12-Jun-12,15:17,15:37,70.43825,70.44106,150.67868,150.69106,0.55,dpavlik,9
colv,2012,12-Jun-12,15:43,15:57,70.44189,70.4418,150.68948,150.69757,0.3,dpavlik,4
colv,2012,12-Jun-12,15:43,15:57,70.44189,70.4418,150.68948,150.69757,0.3,dpavlik,5
colv,2012,12-Jun-12,15:43,15:57,70.44189,70.4418,150.68948,150.69757,0.3,dpavlik,8
colv,2012,12-Jun-12,15:56,16:39,70.41831,70.42731,150.66762,150.66814,1,bwilkinson,0
colv,2012,12-Jun-12,15:56,16:39,70.41831,70.42731,150.66762,150.66814,1,bwilkinson,1
colv,2012,12-Jun-12,15:56,16:39,70.41831,70.42731,150.66762,150.66814,1,bwilkinson,1
colv,2012,12-Jun-12,15:56,16:39,70.41831,70.42731,150.66762,150.66814,1,bwilkinson,15
colv,2012,12-Jun-12,15:56,16:39,70.41831,70.42731,150.66762,150.66814,1,bwilkinson,16
colv,2012,12-Jun-12,15:56,16:39,70.41831,70.42731,150.66762,150.66814,1,bwilkinson,20
colv,2012,12-Jun-12,15:56,16:39,70.41831,70.42731,150.66762,150.66814,1,bwilkinson,26
colv,2012,12-Jun-12,15:56,16:39,70.41831,70.42731,150.66762,150.66814,1,bwilkinson,3
colv,2012,12-Jun-12,15:56,16:39,70.41831,70.42731,150.66762,150.66814,1,bwilkinson,4
colv,2012,12-Jun-12,15:56,16:39,70.41831,70.42731,150.66762,150.66814,1,bwilkinson,5
colv,2012,12-Jun-12,15:56,16:39,70.41831,70.42731,150.66762,150.66814,1,bwilkinson,6
colv,2012,12-Jun-12,15:56,16:39,70.41831,70.42731,150.66762,150.66814,1,bwilkinson,7
colv,2012,12-Jun-12,15:56,16:39,70.41831,70.42731,150.66762,150.66814,1,bwilkinson,8
chur,2011,11-Jun-11,11:15,12:00,58.675872,58.65751,93.842286,93.842286,2,edastous & clishman,0
chur,2011,11-Jun-11,13:15,14:20,58.657573,58.675872,93.850631,93.850752,2,edastous & clishman,0
chur,2011,11-Jun-11,15:15,16:45,58.669966,58.687842,93.834778,93.834433,2,edastous & clishman,0
chur,2011,11-Jun-11,08:40,10:20,58.661059,58.661059,93.838964,93.803892,2,edastous & clishman,0
ikpi,2013,8-Jun-13,13:55,15:50,70.5555,70.55684,154.72511,154.69867,1,epayne,0.5
ikpi,2013,8-Jun-13,20:06,20:40,70.56475,70.55595,154.67143,154.67668,1,ojames,
ikpi,2013,7-Jun-13,17:00,17:40,70.56718,70.55834,154.71346,154.70918,1,acook,
chur,2012,6-Jun-12,10:00,00:00,58.67501,58.65751,93.84269,93.84228,2,lmckinnon/acorkery,
chur,2012,6-Jun-12,12:05,12:55,58.65758,58.67587,93.85063,93.85075,2,lmckinnon/acorkery,
chur,2012,6-Jun-12,14:10,15:00,58.66292,58.66285,93.83479,93.8008,2,lmckinnon/acorkery,
chur,2012,6-Jun-12,15:20,16:30,58.66738,58.66746,93.80068,93.83456,2,lmckinnon/acorkery,
colv,2011,2-Jun-11,10:09,10:38,70.42757,70.4227,150.66948,150.69189,1,bwilkinson,0
colv,2011,2-Jun-11,10:20,10:43,70.43671,70.44189,150.70328,150.68948,0.75,dpavlik,0
colv,2011,2-Jun-11,10:44,10:53,70.44189,70.44381,150.68948,150.69307,0.25,dpavlik,0
colv,2011,2-Jun-11,09:39,10:14,70.43825,70.4353,150.67868,150.70404,1,dpavlik,0
colv,2011,2-Jun-11,09:43,10:07,70.43658,70.42759,150.67555,150.66948,1,bwilkinson,0
chur,2013,18-Jul-13,10:00,10:40,58.66292,58.66285,93.83479,93.8008,2,lkoloski,0
chur,2013,18-Jul-13,11:00,11:50,58.66738,58.66746,93.80068,93.83456,2,lkoloski,1
chur,2013,14-Jul-13,11:00,11:53,58.67501,58.65751,93.84269,93.84228,2,lkoloski,1
chur,2013,14-Jul-13,12:05,12:48,58.65758,58.67587,93.85063,93.85075,2,lkoloski,1
cari,2013,29-Jun-13,09:15,18:47,70.11768,70.12579,145.84863,145.85368,15,hhelling,0
cari,2013,29-Jun-13,09:15,18:47,70.11768,70.12579,145.84863,145.85368,15,hhelling,0
cari,2013,29-Jun-13,09:15,18:47,70.11768,70.12579,145.84863,145.85368,15,hhelling,0
cari,2013,29-Jun-13,09:15,18:47,70.11768,70.12579,145.84863,145.85368,15,hhelling,0
cari,2013,29-Jun-13,09:15,18:47,70.11768,70.12579,145.84863,145.85368,15,hhelling,0
cari,2013,29-Jun-13,09:15,18:47,70.11768,70.12579,145.84863,145.85368,15,hhelling,0.4
cari,2013,29-Jun-13,09:15,18:47,70.11768,70.12579,145.84863,145.85368,15,hhelling,0.6
cari,2013,29-Jun-13,09:15,18:47,70.11768,70.12579,145.84863,145.85368,15,hhelling,1
cari,2013,29-Jun-13,09:15,18:47,70.11768,70.12579,145.84863,145.85368,15,hhelling,1.4
cari,2013,29-Jun-13,09:15,18:47,70.11768,70.12579,145.84863,145.85368,15,hhelling,1.5
cari,2013,29-Jun-13,09:15,18:47,70.11768,70.12579,145.84863,145.85368,15,hhelling,1.6
cari,2013,29-Jun-13,09:15,18:47,70.11768,70.12579,145.84863,145.85368,15,hhelling,2.3
cari,2013,29-Jun-13,09:15,18:47,70.11768,70.12579,145.84863,145.85368,15,hhelling,2.6
cari,2013,29-Jun-13,09:15,18:47,70.11768,70.12579,145.84863,145.85368,15,hhelling,3.3
cari,2013,29-Jun-13,09:15,18:47,70.11768,70.12579,145.84863,145.85368,15,hhelling,4.1
cari,2013,29-Jun-13,09:15,18:47,70.11768,70.12579,145.84863,145.85368,15,hhelling,7.8
cari,2013,29-Jun-13,09:15,18:47,70.11768,70.12579,145.84863,145.85368,15,hhelling,8.1
cari,2013,29-Jun-13,09:15,19:46,70.11768,70.12579,145.84863,145.85368,15,abradley,0
cari,2013,29-Jun-13,09:15,19:46,70.11768,70.12579,145.84863,145.85368,15,abradley,0
cari,2013,29-Jun-13,09:15,19:46,70.11768,70.12579,145.84863,145.85368,15,abradley,0
cari,2013,29-Jun-13,09:15,19:46,70.11768,70.12579,145.84863,145.85368,15,abradley,0.7
cari,2013,29-Jun-13,09:15,19:46,70.11768,70.12579,145.84863,145.85368,15,abradley,1.2
cari,2013,29-Jun-13,09:15,19:46,70.11768,70.12579,145.84863,145.85368,15,abradley,1.4
cari,2013,29-Jun-13,09:15,19:46,70.11768,70.12579,145.84863,145.85368,15,abradley,1.7
cari,2013,29-Jun-13,09:15,19:46,70.11768,70.12579,145.84863,145.85368,15,abradley,10.1
cari,2013,29-Jun-13,09:15,19:46,70.11768,70.12579,145.84863,145.85368,15,abradley,2
cari,2013,29-Jun-13,09:15,19:46,70.11768,70.12579,145.84863,145.85368,15,abradley,2.5
cari,2013,29-Jun-13,09:15,19:46,70.11768,70.12579,145.84863,145.85368,15,abradley,2.7
cari,2013,29-Jun-13,09:15,19:46,70.11768,70.12579,145.84863,145.85368,15,abradley,3.2
cari,2013,29-Jun-13,09:15,19:46,70.11768,70.12579,145.84863,145.85368,15,abradley,3.7
cari,2013,29-Jun-13,09:15,19:46,70.11768,70.12579,145.84863,145.85368,15,abradley,3.7
cari,2013,29-Jun-13,09:15,19:46,70.11768,70.12579,145.84863,145.85368,15,abradley,4.3
cari,2013,29-Jun-13,09:15,19:46,70.11768,70.12579,145.84863,145.85368,15,abradley,4.5
cari,2013,29-Jun-13,09:15,19:46,70.11768,70.12579,145.84863,145.85368,15,abradley,4.6
cari,2013,29-Jun-13,09:15,19:46,70.11768,70.12579,145.84863,145.85368,15,abradley,5
cari,2013,29-Jun-13,09:15,19:46,70.11768,70.12579,145.84863,145.85368,15,abradley,5.1
cari,2013,29-Jun-13,09:15,19:46,70.11768,70.12579,145.84863,145.85368,15,abradley,5.4
cari,2013,29-Jun-13,09:15,19:46,70.11768,70.12579,145.84863,145.85368,15,abradley,6
cari,2013,29-Jun-13,09:15,19:46,70.11768,70.12579,145.84863,145.85368,15,abradley,7.7
cari,2013,29-Jun-13,09:15,19:46,70.11768,70.12579,145.84863,145.85368,15,abradley,9
lkri,2013,22-Jun-13,12:40,16:30,72.84984486,72.86004142,106.0425791,106.1277671,4.64,msoloviev,
barr,2013,13-Jun-13,10:13,11:18,71.245915,71.245915,156.569779,156.569779,2.3,pherzog,5
barr,2013,13-Jun-13,10:35,12:30,71.292215,71.292215,156.641561,156.641561,2.4,kgrond,
barr,2013,13-Jun-13,13:05,15:30,71.266359,71.266359,156.536762,156.536762,2.4,lrensel,15
barr,2013,13-Jun-13,13:05,15:30,71.266359,71.266359,156.536762,156.536762,2.4,lrensel,20
barr,2013,13-Jun-13,13:36,14:32,71.296257,71.296257,156.641692,156.641692,2.4,jcunningham,2
barr,2013,13-Jun-13,15:28,16:23,71.280335,71.280335,156.584346,156.584346,2.4,pherzog,
barr,2013,13-Jun-13,09:00,11:45,71.259571,71.259571,156.510627,156.510627,2.4,lrensel,
cari,2012,7-Jul-12,11:45,19:00,70.11768,70.12579,145.84863,145.85368,15,akneidel,0.3
cari,2012,7-Jul-12,11:45,19:00,70.11768,70.12579,145.84863,145.85368,15,akneidel,0.5
cari,2012,7-Jul-12,11:45,19:00,70.11768,70.12579,145.84863,145.85368,15,akneidel,0.5
cari,2012,7-Jul-12,11:45,19:00,70.11768,70.12579,145.84863,145.85368,15,akneidel,0.5
cari,2012,7-Jul-12,11:45,19:00,70.11768,70.12579,145.84863,145.85368,15,akneidel,0.5
cari,2012,7-Jul-12,11:45,19:00,70.11768,70.12579,145.84863,145.85368,15,akneidel,0.5
cari,2012,7-Jul-12,11:45,19:00,70.11768,70.12579,145.84863,145.85368,15,akneidel,0.5
cari,2012,7-Jul-12,11:45,19:00,70.11768,70.12579,145.84863,145.85368,15,akneidel,1
cari,2012,7-Jul-12,11:45,19:00,70.11768,70.12579,145.84863,145.85368,15,akneidel,1
cari,2012,7-Jul-12,11:45,19:00,70.11768,70.12579,145.84863,145.85368,15,akneidel,1
cari,2012,7-Jul-12,11:45,19:00,70.11768,70.12579,145.84863,145.85368,15,akneidel,1
cari,2012,7-Jul-12,11:45,19:00,70.11768,70.12579,145.84863,145.85368,15,akneidel,1
cari,2012,7-Jul-12,11:45,19:00,70.11768,70.12579,145.84863,145.85368,15,akneidel,1
cari,2012,7-Jul-12,11:45,19:00,70.11768,70.12579,145.84863,145.85368,15,akneidel,2
cari,2012,7-Jul-12,11:45,19:00,70.11768,70.12579,145.84863,145.85368,15,akneidel,2
cari,2012,7-Jul-12,11:45,19:00,70.11768,70.12579,145.84863,145.85368,15,akneidel,2
cari,2012,7-Jul-12,11:45,19:00,70.11768,70.12579,145.84863,145.85368,15,akneidel,2
cari,2012,7-Jul-12,11:45,19:00,70.11768,70.12579,145.84863,145.85368,15,akneidel,3
cari,2012,7-Jul-12,11:45,19:00,70.11768,70.12579,145.84863,145.85368,15,akneidel,3
cari,2012,7-Jul-12,11:45,19:00,70.11768,70.12579,145.84863,145.85368,15,akneidel,4
cari,2012,7-Jul-12,11:45,19:00,70.11768,70.12579,145.84863,145.85368,15,akneidel,5
cari,2012,7-Jul-12,11:45,19:00,70.11768,70.12579,145.84863,145.85368,15,akneidel,5
cari,2012,7-Jul-12,11:45,19:00,70.11768,70.12579,145.84863,145.85368,15,akneidel,5
cari,2012,7-Jul-12,11:45,19:00,70.11768,70.12579,145.84863,145.85368,15,akneidel,5
cari,2012,7-Jul-12,11:45,19:00,70.11768,70.12579,145.84863,145.85368,15,akneidel,5
cari,2012,7-Jul-12,11:45,19:00,70.11768,70.12579,145.84863,145.85368,15,epierce,0.1
cari,2012,7-Jul-12,11:45,19:00,70.11768,70.12579,145.84863,145.85368,15,epierce,0.1
cari,2012,7-Jul-12,11:45,19:00,70.11768,70.12579,145.84863,145.85368,15,epierce,0.1
cari,2012,7-Jul-12,11:45,19:00,70.11768,70.12579,145.84863,145.85368,15,epierce,0.2
cari,2012,7-Jul-12,11:45,19:00,70.11768,70.12579,145.84863,145.85368,15,epierce,0.4
cari,2012,7-Jul-12,11:45,19:00,70.11768,70.12579,145.84863,145.85368,15,epierce,0.4
cari,2012,7-Jul-12,11:45,19:00,70.11768,70.12579,145.84863,145.85368,15,epierce,0.5
cari,2012,7-Jul-12,11:45,19:00,70.11768,70.12579,145.84863,145.85368,15,epierce,1
cari,2012,7-Jul-12,11:45,19:00,70.11768,70.12579,145.84863,145.85368,15,epierce,1
cari,2012,7-Jul-12,11:45,19:00,70.11768,70.12579,145.84863,145.85368,15,epierce,1
cari,2012,7-Jul-12,11:45,19:00,70.11768,70.12579,145.84863,145.85368,15,epierce,1
cari,2012,7-Jul-12,11:45,19:00,70.11768,70.12579,145.84863,145.85368,15,epierce,1
cari,2012,7-Jul-12,11:45,19:00,70.11768,70.12579,145.84863,145.85368,15,epierce,1
cari,2012,7-Jul-12,11:45,19:00,70.11768,70.12579,145.84863,145.85368,15,epierce,1
cari,2012,7-Jul-12,11:45,19:00,70.11768,70.12579,145.84863,145.85368,15,epierce,1
cari,2012,7-Jul-12,11:45,19:00,70.11768,70.12579,145.84863,145.85368,15,epierce,1
cari,2012,7-Jul-12,11:45,19:00,70.11768,70.12579,145.84863,145.85368,15,epierce,1.5
cari,2012,7-Jul-12,11:45,19:00,70.11768,70.12579,145.84863,145.85368,15,epierce,10
cari,2012,7-Jul-12,11:45,19:00,70.11768,70.12579,145.84863,145.85368,15,epierce,10
cari,2012,7-Jul-12,11:45,19:00,70.11768,70.12579,145.84863,145.85368,15,epierce,10
cari,2012,7-Jul-12,11:45,19:00,70.11768,70.12579,145.84863,145.85368,15,epierce,10
cari,2012,7-Jul-12,11:45,19:00,70.11768,70.12579,145.84863,145.85368,15,epierce,10.5
cari,2012,7-Jul-12,11:45,19:00,70.11768,70.12579,145.84863,145.85368,15,epierce,11
cari,2012,7-Jul-12,11:45,19:00,70.11768,70.12579,145.84863,145.85368,15,epierce,11
cari,2012,7-Jul-12,11:45,19:00,70.11768,70.12579,145.84863,145.85368,15,epierce,12
cari,2012,7-Jul-12,11:45,19:00,70.11768,70.12579,145.84863,145.85368,15,epierce,12
cari,2012,7-Jul-12,11:45,19:00,70.11768,70.12579,145.84863,145.85368,15,epierce,12
cari,2012,7-Jul-12,11:45,19:00,70.11768,70.12579,145.84863,145.85368,15,epierce,13
cari,2012,7-Jul-12,11:45,19:00,70.11768,70.12579,145.84863,145.85368,15,epierce,13
cari,2012,7-Jul-12,11:45,19:00,70.11768,70.12579,145.84863,145.85368,15,epierce,14
cari,2012,7-Jul-12,11:45,19:00,70.11768,70.12579,145.84863,145.85368,15,epierce,15
cari,2012,7-Jul-12,11:45,19:00,70.11768,70.12579,145.84863,145.85368,15,epierce,16
cari,2012,7-Jul-12,11:45,19:00,70.11768,70.12579,145.84863,145.85368,15,epierce,17
cari,2012,7-Jul-12,11:45,19:00,70.11768,70.12579,145.84863,145.85368,15,epierce,17.5
cari,2012,7-Jul-12,11:45,19:00,70.11768,70.12579,145.84863,145.85368,15,epierce,2
cari,2012,7-Jul-12,11:45,19:00,70.11768,70.12579,145.84863,145.85368,15,epierce,2
cari,2012,7-Jul-12,11:45,19:00,70.11768,70.12579,145.84863,145.85368,15,epierce,2
cari,2012,7-Jul-12,11:45,19:00,70.11768,70.12579,145.84863,145.85368,15,epierce,2
cari,2012,7-Jul-12,11:45,19:00,70.11768,70.12579,145.84863,145.85368,15,epierce,2.5
cari,2012,7-Jul-12,11:45,19:00,70.11768,70.12579,145.84863,145.85368,15,epierce,2.5
cari,2012,7-Jul-12,11:45,19:00,70.11768,70.12579,145.84863,145.85368,15,epierce,2.5
cari,2012,7-Jul-12,11:45,19:00,70.11768,70.12579,145.84863,145.85368,15,epierce,20
cari,2012,7-Jul-12,11:45,19:00,70.11768,70.12579,145.84863,145.85368,15,epierce,25
cari,2012,7-Jul-12,11:45,19:00,70.11768,70.12579,145.84863,145.85368,15,epierce,27
cari,2012,7-Jul-12,11:45,19:00,70.11768,70.12579,145.84863,145.85368,15,epierce,3
cari,2012,7-Jul-12,11:45,19:00,70.11768,70.12579,145.84863,145.85368,15,epierce,3
cari,2012,7-Jul-12,11:45,19:00,70.11768,70.12579,145.84863,145.85368,15,epierce,3
cari,2012,7-Jul-12,11:45,19:00,70.11768,70.12579,145.84863,145.85368,15,epierce,3
cari,2012,7-Jul-12,11:45,19:00,70.11768,70.12579,145.84863,145.85368,15,epierce,3
cari,2012,7-Jul-12,11:45,19:00,70.11768,70.12579,145.84863,145.85368,15,epierce,3
cari,2012,7-Jul-12,11:45,19:00,70.11768,70.12579,145.84863,145.85368,15,epierce,3.5
cari,2012,7-Jul-12,11:45,19:00,70.11768,70.12579,145.84863,145.85368,15,epierce,4
cari,2012,7-Jul-12,11:45,19:00,70.11768,70.12579,145.84863,145.85368,15,epierce,4
cari,2012,7-Jul-12,11:45,19:00,70.11768,70.12579,145.84863,145.85368,15,epierce,4
cari,2012,7-Jul-12,11:45,19:00,70.11768,70.12579,145.84863,145.85368,15,epierce,4
cari,2012,7-Jul-12,11:45,19:00,70.11768,70.12579,145.84863,145.85368,15,epierce,4.5
cari,2012,7-Jul-12,11:45,19:00,70.11768,70.12579,145.84863,145.85368,15,epierce,5
cari,2012,7-Jul-12,11:45,19:00,70.11768,70.12579,145.84863,145.85368,15,epierce,5
cari,2012,7-Jul-12,11:45,19:00,70.11768,70.12579,145.84863,145.85368,15,epierce,6
cari,2012,7-Jul-12,11:45,19:00,70.11768,70.12579,145.84863,145.85368,15,epierce,6
cari,2012,7-Jul-12,11:45,19:00,70.11768,70.12579,145.84863,145.85368,15,epierce,7
cari,2012,7-Jul-12,11:45,19:00,70.11768,70.12579,145.84863,145.85368,15,epierce,7
cari,2012,7-Jul-12,11:45,19:00,70.11768,70.12579,145.84863,145.85368,15,epierce,7
cari,2012,7-Jul-12,11:45,19:00,70.11768,70.12579,145.84863,145.85368,15,epierce,8
cari,2012,7-Jul-12,11:45,19:00,70.11768,70.12579,145.84863,145.85368,15,epierce,9.5
cari,2012,6-Jul-12,11:08,18:39,70.11768,70.12579,145.84863,145.85368,15,asoto,0
cari,2012,6-Jul-12,11:08,18:39,70.11768,70.12579,145.84863,145.85368,15,asoto,0
cari,2012,6-Jul-12,11:08,18:39,70.11768,70.12579,145.84863,145.85368,15,asoto,0.1
cari,2012,6-Jul-12,11:08,18:39,70.11768,70.12579,145.84863,145.85368,15,asoto,0.1
cari,2012,6-Jul-12,11:08,18:39,70.11768,70.12579,145.84863,145.85368,15,asoto,0.1
cari,2012,6-Jul-12,11:08,18:39,70.11768,70.12579,145.84863,145.85368,15,asoto,0.1
cari,2012,6-Jul-12,11:08,18:39,70.11768,70.12579,145.84863,145.85368,15,asoto,0.1
cari,2012,6-Jul-12,11:08,18:39,70.11768,70.12579,145.84863,145.85368,15,asoto,0.2
cari,2012,6-Jul-12,11:08,18:39,70.11768,70.12579,145.84863,145.85368,15,asoto,0.2
cari,2012,6-Jul-12,11:08,18:39,70.11768,70.12579,145.84863,145.85368,15,asoto,0.2
cari,2012,6-Jul-12,11:08,18:39,70.11768,70.12579,145.84863,145.85368,15,asoto,0.3
cari,2012,6-Jul-12,11:08,18:39,70.11768,70.12579,145.84863,145.85368,15,asoto,0.3
cari,2012,6-Jul-12,11:08,18:39,70.11768,70.12579,145.84863,145.85368,15,asoto,0.3
cari,2012,6-Jul-12,11:08,18:39,70.11768,70.12579,145.84863,145.85368,15,asoto,0.4
cari,2012,6-Jul-12,11:08,18:39,70.11768,70.12579,145.84863,145.85368,15,asoto,0.4
cari,2012,6-Jul-12,11:08,18:39,70.11768,70.12579,145.84863,145.85368,15,asoto,0.5
cari,2012,6-Jul-12,11:08,18:39,70.11768,70.12579,145.84863,145.85368,15,asoto,0.6
cari,2012,6-Jul-12,11:08,18:39,70.11768,70.12579,145.84863,145.85368,15,asoto,0.7
cari,2012,6-Jul-12,11:08,18:39,70.11768,70.12579,145.84863,145.85368,15,asoto,0.9
cari,2012,6-Jul-12,11:08,18:39,70.11768,70.12579,145.84863,145.85368,15,asoto,1.2
cari,2012,6-Jul-12,11:08,18:39,70.11768,70.12579,145.84863,145.85368,15,asoto,1.4
cari,2012,6-Jul-12,11:08,18:39,70.11768,70.12579,145.84863,145.85368,15,asoto,1.4
cari,2012,6-Jul-12,11:08,18:39,70.11768,70.12579,145.84863,145.85368,15,asoto,1.6
cari,2012,6-Jul-12,11:08,18:39,70.11768,70.12579,145.84863,145.85368,15,asoto,1.8
cari,2012,6-Jul-12,11:08,18:39,70.11768,70.12579,145.84863,145.85368,15,asoto,1.8
cari,2012,6-Jul-12,11:08,18:39,70.11768,70.12579,145.84863,145.85368,15,asoto,1.8
cari,2012,6-Jul-12,11:08,18:39,70.11768,70.12579,145.84863,145.85368,15,asoto,1.9
cari,2012,6-Jul-12,11:08,18:39,70.11768,70.12579,145.84863,145.85368,15,asoto,1.9
cari,2012,6-Jul-12,11:08,18:39,70.11768,70.12579,145.84863,145.85368,15,asoto,2
cari,2012,6-Jul-12,11:08,18:39,70.11768,70.12579,145.84863,145.85368,15,asoto,2.1
cari,2012,6-Jul-12,11:08,18:39,70.11768,70.12579,145.84863,145.85368,15,asoto,2.1
cari,2012,6-Jul-12,11:08,18:39,70.11768,70.12579,145.84863,145.85368,15,asoto,2.2
cari,2012,6-Jul-12,11:08,18:39,70.11768,70.12579,145.84863,145.85368,15,asoto,2.3
cari,2012,6-Jul-12,11:08,18:39,70.11768,70.12579,145.84863,145.85368,15,asoto,2.3
cari,2012,6-Jul-12,11:08,18:39,70.11768,70.12579,145.84863,145.85368,15,asoto,2.4
cari,2012,6-Jul-12,11:08,18:39,70.11768,70.12579,145.84863,145.85368,15,asoto,2.5
cari,2012,6-Jul-12,11:08,18:39,70.11768,70.12579,145.84863,145.85368,15,asoto,3.7
cari,2012,6-Jul-12,11:08,18:39,70.11768,70.12579,145.84863,145.85368,15,asoto,3.9
cari,2012,6-Jul-12,11:08,18:39,70.11768,70.12579,145.84863,145.85368,15,asoto,4.3
cari,2012,6-Jul-12,11:08,18:39,70.11768,70.12579,145.84863,145.85368,15,asoto,5.7
cari,2012,6-Jul-12,11:08,18:39,70.11768,70.12579,145.84863,145.85368,15,asoto,5.8
cari,2012,6-Jul-12,11:08,18:39,70.11768,70.12579,145.84863,145.85368,15,asoto,5.8
cari,2012,6-Jul-12,11:08,18:39,70.11768,70.12579,145.84863,145.85368,15,asoto,5.9
cari,2012,6-Jul-12,11:08,18:39,70.11768,70.12579,145.84863,145.85368,15,asoto,6.1
cari,2012,6-Jul-12,11:08,18:39,70.11768,70.12579,145.84863,145.85368,15,asoto,6.2
cari,2012,6-Jul-12,11:08,18:39,70.11768,70.12579,145.84863,145.85368,15,asoto,6.6
cari,2012,6-Jul-12,11:08,18:39,70.11768,70.12579,145.84863,145.85368,15,asoto,6.8
cari,2012,6-Jul-12,11:08,18:39,70.11768,70.12579,145.84863,145.85368,15,idavies,0
cari,2012,6-Jul-12,11:08,18:39,70.11768,70.12579,145.84863,145.85368,15,idavies,0
cari,2012,6-Jul-12,11:08,18:39,70.11768,70.12579,145.84863,145.85368,15,idavies,0
cari,2012,6-Jul-12,11:08,18:39,70.11768,70.12579,145.84863,145.85368,15,idavies,0
cari,2012,6-Jul-12,11:08,18:39,70.11768,70.12579,145.84863,145.85368,15,idavies,0
cari,2012,6-Jul-12,11:08,18:39,70.11768,70.12579,145.84863,145.85368,15,idavies,0
cari,2012,6-Jul-12,11:08,18:39,70.11768,70.12579,145.84863,145.85368,15,idavies,0
cari,2012,6-Jul-12,11:08,18:39,70.11768,70.12579,145.84863,145.85368,15,idavies,0
cari,2012,6-Jul-12,11:08,18:39,70.11768,70.12579,145.84863,145.85368,15,idavies,0
cari,2012,6-Jul-12,11:08,18:39,70.11768,70.12579,145.84863,145.85368,15,idavies,0.1
cari,2012,6-Jul-12,11:08,18:39,70.11768,70.12579,145.84863,145.85368,15,idavies,0.1
cari,2012,6-Jul-12,11:08,18:39,70.11768,70.12579,145.84863,145.85368,15,idavies,0.1
cari,2012,6-Jul-12,11:08,18:39,70.11768,70.12579,145.84863,145.85368,15,idavies,0.2
cari,2012,6-Jul-12,11:08,18:39,70.11768,70.12579,145.84863,145.85368,15,idavies,0.2
cari,2012,6-Jul-12,11:08,18:39,70.11768,70.12579,145.84863,145.85368,15,idavies,0.2
cari,2012,6-Jul-12,11:08,18:39,70.11768,70.12579,145.84863,145.85368,15,idavies,0.2
cari,2012,6-Jul-12,11:08,18:39,70.11768,70.12579,145.84863,145.85368,15,idavies,0.2
cari,2012,6-Jul-12,11:08,18:39,70.11768,70.12579,145.84863,145.85368,15,idavies,0.3
cari,2012,6-Jul-12,11:08,18:39,70.11768,70.12579,145.84863,145.85368,15,idavies,0.3
cari,2012,6-Jul-12,11:08,18:39,70.11768,70.12579,145.84863,145.85368,15,idavies,0.3
cari,2012,6-Jul-12,11:08,18:39,70.11768,70.12579,145.84863,145.85368,15,idavies,0.3
cari,2012,6-Jul-12,11:08,18:39,70.11768,70.12579,145.84863,145.85368,15,idavies,0.3
cari,2012,6-Jul-12,11:08,18:39,70.11768,70.12579,145.84863,145.85368,15,idavies,0.3
cari,2012,6-Jul-12,11:08,18:39,70.11768,70.12579,145.84863,145.85368,15,idavies,0.4
cari,2012,6-Jul-12,11:08,18:39,70.11768,70.12579,145.84863,145.85368,15,idavies,0.4
cari,2012,6-Jul-12,11:08,18:39,70.11768,70.12579,145.84863,145.85368,15,idavies,0.4
cari,2012,6-Jul-12,11:08,18:39,70.11768,70.12579,145.84863,145.85368,15,idavies,0.4
cari,2012,6-Jul-12,11:08,18:39,70.11768,70.12579,145.84863,145.85368,15,idavies,0.4
cari,2012,6-Jul-12,11:08,18:39,70.11768,70.12579,145.84863,145.85368,15,idavies,0.4
cari,2012,6-Jul-12,11:08,18:39,70.11768,70.12579,145.84863,145.85368,15,idavies,0.5
cari,2012,6-Jul-12,11:08,18:39,70.11768,70.12579,145.84863,145.85368,15,idavies,0.6
cari,2012,6-Jul-12,11:08,18:39,70.11768,70.12579,145.84863,145.85368,15,idavies,0.9
cari,2012,6-Jul-12,11:08,18:39,70.11768,70.12579,145.84863,145.85368,15,idavies,1
cari,2012,6-Jul-12,11:08,18:39,70.11768,70.12579,145.84863,145.85368,15,idavies,1
cari,2012,6-Jul-12,11:08,18:39,70.11768,70.12579,145.84863,145.85368,15,idavies,1
cari,2012,6-Jul-12,11:08,18:39,70.11768,70.12579,145.84863,145.85368,15,idavies,1
cari,2012,6-Jul-12,11:08,18:39,70.11768,70.12579,145.84863,145.85368,15,idavies,1
cari,2012,6-Jul-12,11:08,18:39,70.11768,70.12579,145.84863,145.85368,15,idavies,1.1
cari,2012,6-Jul-12,11:08,18:39,70.11768,70.12579,145.84863,145.85368,15,idavies,1.1
cari,2012,6-Jul-12,11:08,18:39,70.11768,70.12579,145.84863,145.85368,15,idavies,1.1
cari,2012,6-Jul-12,11:08,18:39,70.11768,70.12579,145.84863,145.85368,15,idavies,1.1
cari,2012,6-Jul-12,11:08,18:39,70.11768,70.12579,145.84863,145.85368,15,idavies,1.1
cari,2012,6-Jul-12,11:08,18:39,70.11768,70.12579,145.84863,145.85368,15,idavies,1.2
cari,2012,6-Jul-12,11:08,18:39,70.11768,70.12579,145.84863,145.85368,15,idavies,1.3
cari,2012,6-Jul-12,11:08,18:39,70.11768,70.12579,145.84863,145.85368,15,idavies,1.3
cari,2012,6-Jul-12,11:08,18:39,70.11768,70.12579,145.84863,145.85368,15,idavies,1.4
cari,2012,6-Jul-12,11:08,18:39,70.11768,70.12579,145.84863,145.85368,15,idavies,1.4
cari,2012,6-Jul-12,11:08,18:39,70.11768,70.12579,145.84863,145.85368,15,idavies,1.4
cari,2012,6-Jul-12,11:08,18:39,70.11768,70.12579,145.84863,145.85368,15,idavies,1.5
cari,2012,6-Jul-12,11:08,18:39,70.11768,70.12579,145.84863,145.85368,15,idavies,1.6
cari,2012,6-Jul-12,11:08,18:39,70.11768,70.12579,145.84863,145.85368,15,idavies,1.6
cari,2012,6-Jul-12,11:08,18:39,70.11768,70.12579,145.84863,145.85368,15,idavies,1.6
cari,2012,6-Jul-12,11:08,18:39,70.11768,70.12579,145.84863,145.85368,15,idavies,1.7
cari,2012,6-Jul-12,11:08,18:39,70.11768,70.12579,145.84863,145.85368,15,idavies,1.7
cari,2012,6-Jul-12,11:08,18:39,70.11768,70.12579,145.84863,145.85368,15,idavies,1.8
cari,2012,6-Jul-12,11:08,18:39,70.11768,70.12579,145.84863,145.85368,15,idavies,1.8
cari,2012,6-Jul-12,11:08,18:39,70.11768,70.12579,145.84863,145.85368,15,idavies,2
cari,2012,6-Jul-12,11:08,18:39,70.11768,70.12579,145.84863,145.85368,15,idavies,2
cari,2012,6-Jul-12,11:08,18:39,70.11768,70.12579,145.84863,145.85368,15,idavies,2.1
cari,2012,6-Jul-12,11:08,18:39,70.11768,70.12579,145.84863,145.85368,15,idavies,2.1
cari,2012,6-Jul-12,11:08,18:39,70.11768,70.12579,145.84863,145.85368,15,idavies,2.1
cari,2012,6-Jul-12,11:08,18:39,70.11768,70.12579,145.84863,145.85368,15,idavies,2.1
cari,2012,6-Jul-12,11:08,18:39,70.11768,70.12579,145.84863,145.85368,15,idavies,2.2
cari,2012,6-Jul-12,11:08,18:39,70.11768,70.12579,145.84863,145.85368,15,idavies,2.3
cari,2012,6-Jul-12,11:08,18:39,70.11768,70.12579,145.84863,145.85368,15,idavies,2.5
cari,2012,6-Jul-12,11:08,18:39,70.11768,70.12579,145.84863,145.85368,15,idavies,2.6
cari,2012,6-Jul-12,11:08,18:39,70.11768,70.12579,145.84863,145.85368,15,idavies,2.7
cari,2012,6-Jul-12,11:08,18:39,70.11768,70.12579,145.84863,145.85368,15,idavies,2.8
cari,2012,6-Jul-12,11:08,18:39,70.11768,70.12579,145.84863,145.85368,15,idavies,2.8
cari,2012,6-Jul-12,11:08,18:39,70.11768,70.12579,145.84863,145.85368,15,idavies,2.8
cari,2012,6-Jul-12,11:08,18:39,70.11768,70.12579,145.84863,145.85368,15,idavies,3
cari,2012,6-Jul-12,11:08,18:39,70.11768,70.12579,145.84863,145.85368,15,idavies,3
cari,2012,6-Jul-12,11:08,18:39,70.11768,70.12579,145.84863,145.85368,15,idavies,3
cari,2012,6-Jul-12,11:08,18:39,70.11768,70.12579,145.84863,145.85368,15,idavies,3.3
cari,2012,6-Jul-12,11:08,18:39,70.11768,70.12579,145.84863,145.85368,15,idavies,3.3
cari,2012,6-Jul-12,11:08,18:39,70.11768,70.12579,145.84863,145.85368,15,idavies,3.8
cari,2012,6-Jul-12,11:08,18:39,70.11768,70.12579,145.84863,145.85368,15,idavies,3.8
cari,2012,6-Jul-12,11:08,18:39,70.11768,70.12579,145.84863,145.85368,15,idavies,4.1
lkri,2012,21-Jun-12,11:45,14:30,72.84984486,72.86004142,106.0425791,106.1277671,4.64,msoloviev,
barr,2012,14-Jun-12,13:15,14:25,71.26660656,71.26660656,156.5284332,156.5284332,2.4,bverheijen,13
barr,2012,14-Jun-12,13:15,14:25,71.26660656,71.26660656,156.5284332,156.5284332,2.4,bverheijen,7
barr,2012,14-Jun-12,13:15,14:25,71.26660656,71.26660656,156.5284332,156.5284332,2.4,bverheijen,8
barr,2012,14-Jun-12,13:20,15:04,71.29768473,71.29768473,156.6438798,156.6438798,2.4,mmcconnell,1
barr,2012,14-Jun-12,13:20,15:04,71.29768473,71.29768473,156.6438798,156.6438798,2.4,mmcconnell,10
barr,2012,14-Jun-12,13:20,15:04,71.29768473,71.29768473,156.6438798,156.6438798,2.4,mmcconnell,11
barr,2012,14-Jun-12,13:20,15:04,71.29768473,71.29768473,156.6438798,156.6438798,2.4,mmcconnell,2
barr,2012,14-Jun-12,13:20,15:04,71.29768473,71.29768473,156.6438798,156.6438798,2.4,mmcconnell,3
barr,2012,14-Jun-12,13:20,15:04,71.29768473,71.29768473,156.6438798,156.6438798,2.4,mmcconnell,4
barr,2012,14-Jun-12,13:20,15:04,71.29768473,71.29768473,156.6438798,156.6438798,2.4,mmcconnell,5
barr,2012,14-Jun-12,13:55,15:10,71.24420411,71.23908699,156.5550054,156.5416817,1.38,pherzog,0
barr,2012,14-Jun-12,13:55,15:10,71.24420411,71.23908699,156.5550054,156.5416817,1.38,pherzog,0
barr,2012,14-Jun-12,13:55,15:10,71.24420411,71.23908699,156.5550054,156.5416817,1.38,pherzog,0
barr,2012,14-Jun-12,13:55,15:10,71.24420411,71.23908699,156.5550054,156.5416817,1.38,pherzog,0
barr,2012,14-Jun-12,13:55,15:10,71.24420411,71.23908699,156.5550054,156.5416817,1.38,pherzog,0.5
barr,2012,14-Jun-12,13:55,15:10,71.24420411,71.23908699,156.5550054,156.5416817,1.38,pherzog,0.5
barr,2012,14-Jun-12,13:55,15:10,71.24420411,71.23908699,156.5550054,156.5416817,1.38,pherzog,0.5
barr,2012,14-Jun-12,13:55,15:10,71.24420411,71.23908699,156.5550054,156.5416817,1.38,pherzog,1
barr,2012,14-Jun-12,13:55,15:10,71.24420411,71.23908699,156.5550054,156.5416817,1.38,pherzog,1
barr,2012,14-Jun-12,13:55,15:10,71.24420411,71.23908699,156.5550054,156.5416817,1.38,pherzog,1
barr,2012,14-Jun-12,13:55,15:10,71.24420411,71.23908699,156.5550054,156.5416817,1.38,pherzog,11
barr,2012,14-Jun-12,13:55,15:10,71.24420411,71.23908699,156.5550054,156.5416817,1.38,pherzog,12
barr,2012,14-Jun-12,13:55,15:10,71.24420411,71.23908699,156.5550054,156.5416817,1.38,pherzog,2
barr,2012,14-Jun-12,13:55,15:10,71.24420411,71.23908699,156.5550054,156.5416817,1.38,pherzog,2.5
barr,2012,14-Jun-12,13:55,15:10,71.24420411,71.23908699,156.5550054,156.5416817,1.38,pherzog,3
barr,2012,14-Jun-12,13:55,15:10,71.24420411,71.23908699,156.5550054,156.5416817,1.38,pherzog,3
barr,2012,14-Jun-12,13:55,15:10,71.24420411,71.23908699,156.5550054,156.5416817,1.38,pherzog,3.5
barr,2012,14-Jun-12,13:55,15:10,71.24420411,71.23908699,156.5550054,156.5416817,1.38,pherzog,7
barr,2012,14-Jun-12,13:55,15:10,71.24420411,71.23908699,156.5550054,156.5416817,1.38,pherzog,8
barr,2012,14-Jun-12,13:55,15:10,71.24420411,71.23908699,156.5550054,156.5416817,1.38,pherzog,8
barr,2012,14-Jun-12,13:55,15:10,71.24420411,71.23908699,156.5550054,156.5416817,1.38,pherzog,9
barr,2012,14-Jun-12,16:45,17:25,71.24375327,71.23910805,156.5550634,156.5430759,0.98,pherzog,0
barr,2012,14-Jun-12,16:45,17:25,71.24375327,71.23910805,156.5550634,156.5430759,0.98,pherzog,0
barr,2012,14-Jun-12,16:45,17:25,71.24375327,71.23910805,156.5550634,156.5430759,0.98,pherzog,1
barr,2012,14-Jun-12,16:45,17:25,71.24375327,71.23910805,156.5550634,156.5430759,0.98,pherzog,1
barr,2012,14-Jun-12,16:45,17:25,71.24375327,71.23910805,156.5550634,156.5430759,0.98,pherzog,19
barr,2012,14-Jun-12,16:45,17:25,71.24375327,71.23910805,156.5550634,156.5430759,0.98,pherzog,2
barr,2012,14-Jun-12,16:45,17:25,71.24375327,71.23910805,156.5550634,156.5430759,0.98,pherzog,8
barr,2012,14-Jun-12,16:45,17:25,71.24375327,71.23910805,156.5550634,156.5430759,0.98,pherzog,8
barr,2012,14-Jun-12,09:07,10:55,71.24591454,71.24591454,156.5697786,156.5697786,2.4,pherzog,0
barr,2012,14-Jun-12,09:07,10:55,71.24591454,71.24591454,156.5697786,156.5697786,2.4,pherzog,2
barr,2012,14-Jun-12,09:07,10:55,71.24591454,71.24591454,156.5697786,156.5697786,2.4,pherzog,2
barr,2012,14-Jun-12,09:07,10:55,71.24591454,71.24591454,156.5697786,156.5697786,2.4,pherzog,6
barr,2012,14-Jun-12,09:07,10:55,71.24591454,71.24591454,156.5697786,156.5697786,2.4,pherzog,6
barr,2012,14-Jun-12,09:10,10:25,71.26029651,71.26029651,156.5274927,156.5274927,2.4,bverheijen,10
barr,2012,14-Jun-12,09:10,10:25,71.26029651,71.26029651,156.5274927,156.5274927,2.4,bverheijen,7
barr,2012,14-Jun-12,09:39,11:20,71.29555229,71.29555229,156.6438271,156.6438271,2.4,mmcconnell,0
barr,2012,14-Jun-12,09:39,11:20,71.29555229,71.29555229,156.6438271,156.6438271,2.4,mmcconnell,0
barr,2012,14-Jun-12,09:39,11:20,71.29555229,71.29555229,156.6438271,156.6438271,2.4,mmcconnell,1
barr,2012,14-Jun-12,09:39,11:20,71.29555229,71.29555229,156.6438271,156.6438271,2.4,mmcconnell,1
barr,2012,14-Jun-12,09:39,11:20,71.29555229,71.29555229,156.6438271,156.6438271,2.4,mmcconnell,10
barr,2012,14-Jun-12,09:39,11:20,71.29555229,71.29555229,156.6438271,156.6438271,2.4,mmcconnell,12
barr,2012,14-Jun-12,09:39,11:20,71.29555229,71.29555229,156.6438271,156.6438271,2.4,mmcconnell,2
barr,2012,14-Jun-12,09:39,11:20,71.29555229,71.29555229,156.6438271,156.6438271,2.4,mmcconnell,21
barr,2012,14-Jun-12,09:39,11:20,71.29555229,71.29555229,156.6438271,156.6438271,2.4,mmcconnell,3
barr,2012,14-Jun-12,09:39,11:20,71.29555229,71.29555229,156.6438271,156.6438271,2.4,mmcconnell,5
prba,2012,7-Jun-12,11:07,11:38,70.34536,70.35368,148.77359,148.78352,1,jwebber,0
prba,2012,7-Jun-12,11:07,11:38,70.34536,70.35368,148.77359,148.78352,1,jwebber,2
prba,2012,7-Jun-12,08:45,09:50,70.27642,70.26928,148.80746,148.79143,1,"jwebber, jlautenbach",0
prba,2012,7-Jun-12,08:45,09:50,70.27642,70.26928,148.80746,148.79143,1,"jwebber, jlautenbach",1
prba,2012,7-Jun-12,08:45,09:50,70.27642,70.26928,148.80746,148.79143,1,"jwebber, jlautenbach",1
prba,2012,7-Jun-12,08:45,09:50,70.27642,70.26928,148.80746,148.79143,1,"jwebber, jlautenbach",1
prba,2012,7-Jun-12,08:45,09:50,70.27642,70.26928,148.80746,148.79143,1,"jwebber, jlautenbach",3
prba,2012,7-Jun-12,08:45,09:50,70.27642,70.26928,148.80746,148.79143,1,"jwebber, jlautenbach",4
prba,2012,7-Jun-12,08:45,09:50,70.27642,70.26928,148.80746,148.79143,1,"jwebber, jlautenbach",8
prba,2012,7-Jun-12,08:56,09:45,70.27946,70.27367,148.79816,148.7779,1,"apham, jwebber",3
prba,2012,7-Jun-12,08:56,09:45,70.27946,70.27367,148.79816,148.7779,1,"apham, jwebber",3
prba,2012,7-Jun-12,08:56,09:45,70.27946,70.27367,148.79816,148.7779,1,"apham, jwebber",7
prba,2012,7-Jun-12,08:56,09:45,70.27946,70.27367,148.79816,148.7779,1,"apham, jwebber",8
prba,2012,6-Jun-12,15:00,16:01,70.21377,70.22212,148.5118,148.52107,1,"apham, jlautenbach",1
prba,2012,6-Jun-12,15:00,16:01,70.21377,70.22212,148.5118,148.52107,1,"apham, jlautenbach",1
prba,2012,6-Jun-12,15:00,16:01,70.21377,70.22212,148.5118,148.52107,1,"apham, jlautenbach",10
prba,2012,6-Jun-12,15:00,16:01,70.21377,70.22212,148.5118,148.52107,1,"apham, jlautenbach",30
prba,2012,6-Jun-12,15:00,16:01,70.21377,70.22212,148.5118,148.52107,1,"apham, jlautenbach",8
prba,2012,6-Jun-12,15:10,16:30,70.20904,70.20101,148.53036,148.5189,1,jwebber,0
prba,2012,6-Jun-12,15:10,16:30,70.20904,70.20101,148.53036,148.5189,1,jwebber,0
prba,2012,6-Jun-12,15:10,16:30,70.20904,70.20101,148.53036,148.5189,1,jwebber,1
prba,2012,6-Jun-12,15:10,16:30,70.20904,70.20101,148.53036,148.5189,1,jwebber,1
prba,2012,6-Jun-12,15:10,16:30,70.20904,70.20101,148.53036,148.5189,1,jwebber,1
prba,2012,6-Jun-12,15:10,16:30,70.20904,70.20101,148.53036,148.5189,1,jwebber,1
prba,2012,6-Jun-12,15:10,16:30,70.20904,70.20101,148.53036,148.5189,1,jwebber,2
prba,2012,6-Jun-12,15:10,16:30,70.20904,70.20101,148.53036,148.5189,1,jwebber,2
prba,2012,6-Jun-12,15:10,16:30,70.20904,70.20101,148.53036,148.5189,1,jwebber,2
prba,2012,6-Jun-12,15:10,16:30,70.20904,70.20101,148.53036,148.5189,1,jwebber,3
prba,2012,6-Jun-12,17:37,18:34,70.27622,70.2674,148.53428,148.53943,1,jlautenbach,10
prba,2012,6-Jun-12,17:37,18:34,70.27622,70.2674,148.53428,148.53943,1,jlautenbach,2
prba,2012,6-Jun-12,17:37,18:34,70.27622,70.2674,148.53428,148.53943,1,jlautenbach,26
prba,2012,6-Jun-12,17:37,18:34,70.27622,70.2674,148.53428,148.53943,1,jlautenbach,3
prba,2012,6-Jun-12,18:00,18:30,70.26305,70.27148,148.55305,148.54416,1,jwebber,0
prba,2012,6-Jun-12,18:00,18:30,70.26305,70.27148,148.55305,148.54416,1,jwebber,1
prba,2012,6-Jun-12,18:00,18:30,70.26305,70.27148,148.55305,148.54416,1,jwebber,1
prba,2012,6-Jun-12,18:00,18:30,70.26305,70.27148,148.55305,148.54416,1,jwebber,1
prba,2012,6-Jun-12,18:00,18:30,70.26305,70.27148,148.55305,148.54416,1,jwebber,2
prba,2012,6-Jun-12,18:00,18:30,70.26305,70.27148,148.55305,148.54416,1,jwebber,2
prba,2012,6-Jun-12,18:00,18:30,70.26305,70.27148,148.55305,148.54416,1,jwebber,2
prba,2012,6-Jun-12,18:00,18:30,70.26305,70.27148,148.55305,148.54416,1,jwebber,4
cari,2011,7-Jul-11,11:00,17:15,70.11748,70.1255,145.84882,145.85252,15,ecorp,0
cari,2011,7-Jul-11,11:00,17:15,70.11748,70.1255,145.84882,145.85252,15,ecorp,0
cari,2011,7-Jul-11,11:00,17:15,70.11748,70.1255,145.84882,145.85252,15,ecorp,0
cari,2011,7-Jul-11,11:00,17:15,70.11748,70.1255,145.84882,145.85252,15,ecorp,0
cari,2011,7-Jul-11,11:00,17:15,70.11748,70.1255,145.84882,145.85252,15,ecorp,0
cari,2011,7-Jul-11,11:00,17:15,70.11748,70.1255,145.84882,145.85252,15,ecorp,0
cari,2011,7-Jul-11,11:00,17:15,70.11748,70.1255,145.84882,145.85252,15,ecorp,0
cari,2011,7-Jul-11,11:00,17:15,70.11748,70.1255,145.84882,145.85252,15,ecorp,0
cari,2011,7-Jul-11,11:00,17:15,70.11748,70.1255,145.84882,145.85252,15,ecorp,1
cari,2011,7-Jul-11,11:00,17:15,70.11748,70.1255,145.84882,145.85252,15,ecorp,1
cari,2011,7-Jul-11,11:00,17:15,70.11748,70.1255,145.84882,145.85252,15,ecorp,1
cari,2011,7-Jul-11,11:00,17:15,70.11748,70.1255,145.84882,145.85252,15,ecorp,1
cari,2011,7-Jul-11,11:00,17:15,70.11748,70.1255,145.84882,145.85252,15,ecorp,1
cari,2011,7-Jul-11,11:00,17:15,70.11748,70.1255,145.84882,145.85252,15,ecorp,1
cari,2011,7-Jul-11,11:00,17:15,70.11748,70.1255,145.84882,145.85252,15,ecorp,1
cari,2011,7-Jul-11,11:00,17:15,70.11748,70.1255,145.84882,145.85252,15,ecorp,1
cari,2011,7-Jul-11,11:00,17:15,70.11748,70.1255,145.84882,145.85252,15,ecorp,1
cari,2011,7-Jul-11,11:00,17:15,70.11748,70.1255,145.84882,145.85252,15,ecorp,1
cari,2011,7-Jul-11,11:00,17:15,70.11748,70.1255,145.84882,145.85252,15,ecorp,1
cari,2011,7-Jul-11,11:00,17:15,70.11748,70.1255,145.84882,145.85252,15,ecorp,1
cari,2011,7-Jul-11,11:00,17:15,70.11748,70.1255,145.84882,145.85252,15,ecorp,1
cari,2011,7-Jul-11,11:00,17:15,70.11748,70.1255,145.84882,145.85252,15,ecorp,1
cari,2011,7-Jul-11,11:00,17:15,70.11748,70.1255,145.84882,145.85252,15,ecorp,1
cari,2011,7-Jul-11,11:00,17:15,70.11748,70.1255,145.84882,145.85252,15,ecorp,10
cari,2011,7-Jul-11,11:00,17:15,70.11748,70.1255,145.84882,145.85252,15,ecorp,2
cari,2011,7-Jul-11,11:00,17:15,70.11748,70.1255,145.84882,145.85252,15,ecorp,2
cari,2011,7-Jul-11,11:00,17:15,70.11748,70.1255,145.84882,145.85252,15,ecorp,2
cari,2011,7-Jul-11,11:00,17:15,70.11748,70.1255,145.84882,145.85252,15,ecorp,2
cari,2011,7-Jul-11,11:00,17:15,70.11748,70.1255,145.84882,145.85252,15,ecorp,2
cari,2011,7-Jul-11,11:00,17:15,70.11748,70.1255,145.84882,145.85252,15,ecorp,2
cari,2011,7-Jul-11,11:00,17:15,70.11748,70.1255,145.84882,145.85252,15,ecorp,3
cari,2011,7-Jul-11,11:00,17:15,70.11748,70.1255,145.84882,145.85252,15,ecorp,3
cari,2011,7-Jul-11,11:00,17:15,70.11748,70.1255,145.84882,145.85252,15,ecorp,3
cari,2011,7-Jul-11,11:00,17:15,70.11748,70.1255,145.84882,145.85252,15,ecorp,3
cari,2011,7-Jul-11,11:00,17:15,70.11748,70.1255,145.84882,145.85252,15,ecorp,3
cari,2011,7-Jul-11,11:00,17:15,70.11748,70.1255,145.84882,145.85252,15,ecorp,4
cari,2011,7-Jul-11,11:00,17:15,70.11748,70.1255,145.84882,145.85252,15,ecorp,4
cari,2011,7-Jul-11,11:00,17:15,70.11748,70.1255,145.84882,145.85252,15,ecorp,4
cari,2011,7-Jul-11,11:00,17:15,70.11748,70.1255,145.84882,145.85252,15,ecorp,5
cari,2011,7-Jul-11,11:00,17:15,70.11748,70.1255,145.84882,145.85252,15,ecorp,5
cari,2011,7-Jul-11,11:00,17:15,70.11748,70.1255,145.84882,145.85252,15,ecorp,5
cari,2011,7-Jul-11,11:00,17:15,70.11748,70.1255,145.84882,145.85252,15,ecorp,6
cari,2011,7-Jul-11,11:00,17:15,70.11748,70.1255,145.84882,145.85252,15,ecorp,7
cari,2011,7-Jul-11,11:00,17:15,70.11748,70.1255,145.84882,145.85252,15,ecorp,7
cari,2011,7-Jul-11,11:00,17:15,70.11748,70.1255,145.84882,145.85252,15,ecorp,7
cari,2011,7-Jul-11,11:00,17:15,70.11748,70.1255,145.84882,145.85252,15,ecorp,7
cari,2011,7-Jul-11,11:00,17:15,70.11748,70.1255,145.84882,145.85252,15,ecorp,7
cari,2011,7-Jul-11,11:00,17:15,70.11748,70.1255,145.84882,145.85252,15,ecorp,7
cari,2011,7-Jul-11,11:00,17:15,70.11748,70.1255,145.84882,145.85252,15,ecorp,8
cari,2011,7-Jul-11,11:00,17:15,70.11748,70.1255,145.84882,145.85252,15,ecorp,8
cari,2011,7-Jul-11,11:00,17:15,70.11748,70.1255,145.84882,145.85252,15,ecorp,9
cari,2011,7-Jul-11,11:00,17:15,70.11748,70.1255,145.84882,145.85252,15,ecorp,9
cari,2011,23-Jun-11,10:00,16:19,70.11768,70.12579,145.84864,145.85369,15.5,rburner,0
cari,2011,23-Jun-11,10:00,16:19,70.11768,70.12579,145.84864,145.85369,15.5,rburner,0
cari,2011,23-Jun-11,10:00,16:19,70.11768,70.12579,145.84864,145.85369,15.5,rburner,0
cari,2011,23-Jun-11,10:00,16:19,70.11768,70.12579,145.84864,145.85369,15.5,rburner,0
cari,2011,23-Jun-11,10:00,16:19,70.11768,70.12579,145.84864,145.85369,15.5,rburner,0
cari,2011,23-Jun-11,10:00,16:19,70.11768,70.12579,145.84864,145.85369,15.5,rburner,0
cari,2011,23-Jun-11,10:00,16:19,70.11768,70.12579,145.84864,145.85369,15.5,rburner,1
cari,2011,23-Jun-11,10:00,16:19,70.11768,70.12579,145.84864,145.85369,15.5,rburner,1
cari,2011,23-Jun-11,10:00,16:19,70.11768,70.12579,145.84864,145.85369,15.5,rburner,1
cari,2011,23-Jun-11,10:00,16:19,70.11768,70.12579,145.84864,145.85369,15.5,rburner,1
cari,2011,23-Jun-11,10:00,16:19,70.11768,70.12579,145.84864,145.85369,15.5,rburner,2
cari,2011,23-Jun-11,10:00,16:19,70.11768,70.12579,145.84864,145.85369,15.5,rburner,3
cari,2011,23-Jun-11,10:00,16:19,70.11768,70.12579,145.84864,145.85369,15.5,rburner,5
cari,2011,23-Jun-11,10:00,16:19,70.11768,70.12579,145.84864,145.85369,15.5,rburner,7
cari,2011,23-Jun-11,10:00,16:19,70.11768,70.12579,145.84864,145.85369,15.5,rburner,9
barr,2011,17-Jun-11,13:15,14:30,71.29496694,71.29496694,-156.6341679,-156.6341679,,jcunningham,
barr,2011,17-Jun-11,13:30,15:10,71.26651738,71.26651738,-156.5312226,-156.5312226,1,pherzog,1
barr,2011,17-Jun-11,13:30,15:10,71.26651738,71.26651738,-156.5312226,-156.5312226,10,pherzog,1
barr,2011,17-Jun-11,13:30,15:10,71.26651738,71.26651738,-156.5312226,-156.5312226,2,pherzog,1
barr,2011,17-Jun-11,13:30,15:10,71.26651738,71.26651738,-156.5312226,-156.5312226,2,pherzog,1
barr,2011,17-Jun-11,13:30,15:10,71.26651738,71.26651738,-156.5312226,-156.5312226,3,pherzog,1
barr,2011,17-Jun-11,13:30,15:10,71.26651738,71.26651738,-156.5312226,-156.5312226,4,pherzog,1
barr,2011,17-Jun-11,13:30,15:10,71.26651738,71.26651738,-156.5312226,-156.5312226,4,pherzog,1
barr,2011,17-Jun-11,13:30,15:10,71.26651738,71.26651738,-156.5312226,-156.5312226,7,pherzog,1
barr,2011,17-Jun-11,13:40,16:10,71.24462349,71.24462349,-156.5548957,-156.5548957,3,jzamuido,1
barr,2011,17-Jun-11,13:40,16:10,71.24462349,71.24462349,-156.5548957,-156.5548957,4,jzamuido,1
barr,2011,17-Jun-11,13:40,16:10,71.24462349,71.24462349,-156.5548957,-156.5548957,4,jzamuido,1
barr,2011,17-Jun-11,13:40,16:10,71.24462349,71.24462349,-156.5548957,-156.5548957,4,jzamuido,1
barr,2011,17-Jun-11,13:40,16:10,71.24462349,71.24462349,-156.5548957,-156.5548957,7,jzamuido,1
barr,2011,17-Jun-11,13:40,16:10,71.24462349,71.24462349,-156.5548957,-156.5548957,8,jzamuido,1
barr,2011,17-Jun-11,13:40,16:10,71.24462349,71.24462349,-156.5548957,-156.5548957,9,jzamuido,1
barr,2011,17-Jun-11,08:20,09:35,71.24591454,71.24591454,-156.5697786,-156.5697786,,jzamuido,no nests seen at plot 8
barr,2011,17-Jun-11,08:40,11:40,71.29034957,71.29034957,-156.6592323,-156.6592323,0,jcunningham,1
barr,2011,17-Jun-11,08:40,11:40,71.29034957,71.29034957,-156.6592323,-156.6592323,0,jcunningham,1
barr,2011,17-Jun-11,08:40,11:40,71.29034957,71.29034957,-156.6592323,-156.6592323,0,jcunningham,1
barr,2011,17-Jun-11,08:40,11:40,71.29034957,71.29034957,-156.6592323,-156.6592323,1,jcunningham,1
barr,2011,17-Jun-11,08:40,11:40,71.29034957,71.29034957,-156.6592323,-156.6592323,2,jcunningham,1
barr,2011,17-Jun-11,08:40,11:40,71.29034957,71.29034957,-156.6592323,-156.6592323,2,jcunningham,1
barr,2011,17-Jun-11,08:40,11:40,71.29034957,71.29034957,-156.6592323,-156.6592323,2,jcunningham,1
barr,2011,17-Jun-11,08:40,11:40,71.29034957,71.29034957,-156.6592323,-156.6592323,2,jcunningham,1
barr,2011,17-Jun-11,08:40,11:40,71.29034957,71.29034957,-156.6592323,-156.6592323,3,jcunningham,1
barr,2011,17-Jun-11,08:40,11:40,71.29034957,71.29034957,-156.6592323,-156.6592323,5,jcunningham,1
barr,2011,17-Jun-11,08:40,11:40,71.29034957,71.29034957,-156.6592323,-156.6592323,6,jcunningham,1
barr,2011,17-Jun-11,08:40,11:40,71.29034957,71.29034957,-156.6592323,-156.6592323,7,jcunningham,1
barr,2011,17-Jun-11,08:40,11:40,71.29034957,71.29034957,-156.6592323,-156.6592323,8,jcunningham,1
barr,2011,17-Jun-11,08:45,10:35,71.25942275,71.25942275,-156.5273525,-156.5273525,0.2,pherzog,1
barr,2011,17-Jun-11,08:45,10:35,71.25942275,71.25942275,-156.5273525,-156.5273525,0.2,pherzog,1
barr,2011,17-Jun-11,08:45,10:35,71.25942275,71.25942275,-156.5273525,-156.5273525,1,pherzog,1
barr,2011,17-Jun-11,08:45,10:35,71.25942275,71.25942275,-156.5273525,-156.5273525,3,pherzog,1
barr,2011,17-Jun-11,08:45,10:35,71.25942275,71.25942275,-156.5273525,-156.5273525,3,pherzog,1
barr,2011,17-Jun-11,08:45,10:35,71.25942275,71.25942275,-156.5273525,-156.5273525,6,pherzog,1
barr,2011,17-Jun-11,08:45,10:35,71.25942275,71.25942275,-156.5273525,-156.5273525,6,pherzog,1
barr,2011,17-Jun-11,08:45,10:35,71.25942275,71.25942275,-156.5273525,-156.5273525,6,pherzog,1
barr,2011,17-Jun-11,08:45,10:35,71.25942275,71.25942275,-156.5273525,-156.5273525,6,pherzog,1
ikpi,2011,6-Jun-11,11:10,12:10,70.53978,70.5348,154.69688,154.71918,1,acook,2
ikpi,2011,6-Jun-11,11:10,12:10,70.53978,70.5348,154.69688,154.71918,1,acook,2.5
ikpi,2011,6-Jun-11,11:10,12:10,70.53978,70.5348,154.69688,154.71918,1,acook,3
ikpi,2011,6-Jun-11,11:30,13:22,70.5308,70.53975,154.68693,154.68341,1,jwright,1
ikpi,2011,6-Jun-11,11:30,13:22,70.5308,70.53975,154.68693,154.68341,1,jwright,1
ikpi,2011,6-Jun-11,11:30,13:22,70.5308,70.53975,154.68693,154.68341,1,jwright,1
ikpi,2011,6-Jun-11,11:30,13:22,70.5308,70.53975,154.68693,154.68341,1,jwright,1
ikpi,2011,6-Jun-11,11:30,13:22,70.5308,70.53975,154.68693,154.68341,1,jwright,2
ikpi,2011,6-Jun-11,11:30,13:22,70.5308,70.53975,154.68693,154.68341,1,jwright,2
ikpi,2011,6-Jun-11,11:30,13:22,70.5308,70.53975,154.68693,154.68341,1,jwright,2
ikpi,2011,6-Jun-11,11:30,13:22,70.5308,70.53975,154.68693,154.68341,1,jwright,3
ikpi,2011,6-Jun-11,11:30,13:22,70.5308,70.53975,154.68693,154.68341,1,jwright,3
ikpi,2011,6-Jun-11,11:30,13:22,70.5308,70.53975,154.68693,154.68341,1,jwright,3
ikpi,2011,6-Jun-11,11:30,13:22,70.5308,70.53975,154.68693,154.68341,1,jwright,4
ikpi,2011,6-Jun-11,11:30,13:22,70.5308,70.53975,154.68693,154.68341,1,jwright,5
ikpi,2011,6-Jun-11,11:30,13:22,70.5308,70.53975,154.68693,154.68341,1,jwright,5
ikpi,2011,6-Jun-11,11:30,13:22,70.5308,70.53975,154.68693,154.68341,1,jwright,5
ikpi,2011,6-Jun-11,11:30,13:22,70.5308,70.53975,154.68693,154.68341,1,jwright,5
ikpi,2011,6-Jun-11,11:30,13:22,70.5308,70.53975,154.68693,154.68341,1,jwright,7
ikpi,2011,6-Jun-11,11:30,13:22,70.5308,70.53975,154.68693,154.68341,1,jwright,7
ikpi,2011,6-Jun-11,11:30,13:22,70.5308,70.53975,154.68693,154.68341,1,jwright,8
ikpi,2011,6-Jun-11,11:30,13:22,70.5308,70.53975,154.68693,154.68341,1,jwright,8
ikpi,2011,6-Jun-11,13:35,14:40,70.53323,70.53545,154.71999,154.69811,0.85,mmudge,1
ikpi,2011,6-Jun-11,13:35,14:40,70.53323,70.53545,154.71999,154.69811,0.85,mmudge,2
ikpi,2011,6-Jun-11,13:35,14:40,70.53323,70.53545,154.71999,154.69811,0.85,mmudge,3
ikpi,2011,6-Jun-11,13:35,14:40,70.53323,70.53545,154.71999,154.69811,0.85,mmudge,4
ikpi,2011,6-Jun-11,14:10,14:40,70.54038,70.54179,154.6785,154.67534,0.2,kpietrzak,6
ikpi,2011,6-Jun-11,14:10,14:40,70.54038,70.54179,154.6785,154.67534,0.2,kpietrzak,6
ikpi,2011,6-Jun-11,14:10,14:40,70.54038,70.54179,154.6785,154.67534,0.2,kpietrzak,7
ikpi,2011,5-Jun-11,10:02,11:32,70.5555,70.55684,154.72511,154.69867,1,jwright,0
ikpi,2011,5-Jun-11,10:02,11:32,70.5555,70.55684,154.72511,154.69867,1,jwright,0
ikpi,2011,5-Jun-11,10:02,11:32,70.5555,70.55684,154.72511,154.69867,1,jwright,0
ikpi,2011,5-Jun-11,10:02,11:32,70.5555,70.55684,154.72511,154.69867,1,jwright,1
ikpi,2011,5-Jun-11,10:02,11:32,70.5555,70.55684,154.72511,154.69867,1,jwright,1
ikpi,2011,5-Jun-11,10:02,11:32,70.5555,70.55684,154.72511,154.69867,1,jwright,1
ikpi,2011,5-Jun-11,10:02,11:32,70.5555,70.55684,154.72511,154.69867,1,jwright,1
ikpi,2011,5-Jun-11,10:02,11:32,70.5555,70.55684,154.72511,154.69867,1,jwright,1
ikpi,2011,5-Jun-11,10:02,11:32,70.5555,70.55684,154.72511,154.69867,1,jwright,1
ikpi,2011,5-Jun-11,10:02,11:32,70.5555,70.55684,154.72511,154.69867,1,jwright,1
ikpi,2011,5-Jun-11,10:02,11:32,70.5555,70.55684,154.72511,154.69867,1,jwright,2
ikpi,2011,5-Jun-11,10:02,11:32,70.5555,70.55684,154.72511,154.69867,1,jwright,2
ikpi,2011,5-Jun-11,10:02,11:32,70.5555,70.55684,154.72511,154.69867,1,jwright,2
ikpi,2011,5-Jun-11,12:25,13:40,70.58572,70.57717,154.70233,154.71078,1,acook,
ikpi,2011,5-Jun-11,12:25,13:55,70.55595,70.56475,154.67668,154.67144,1,mmudge,1
ikpi,2011,5-Jun-11,15:00,16:32,70.56718,70.55834,154.71345,154.70919,1,kpietrzak,0
prba,2011,3-Jun-11,12:15,13:45,70.20101,70.20904,148.5189,148.53036,1,eames,0
prba,2011,3-Jun-11,12:15,13:45,70.20101,70.20904,148.5189,148.53036,1,eames,0
prba,2011,3-Jun-11,12:15,13:45,70.20101,70.20904,148.5189,148.53036,1,eames,0
prba,2011,3-Jun-11,12:15,13:45,70.20101,70.20904,148.5189,148.53036,1,eames,1
prba,2011,3-Jun-11,12:15,13:45,70.20101,70.20904,148.5189,148.53036,1,eames,1
prba,2011,3-Jun-11,12:15,13:45,70.20101,70.20904,148.5189,148.53036,1,eames,1
prba,2011,3-Jun-11,12:15,13:45,70.20101,70.20904,148.5189,148.53036,1,eames,1
prba,2011,3-Jun-11,12:15,13:45,70.20101,70.20904,148.5189,148.53036,1,eames,10
prba,2011,3-Jun-11,12:15,13:45,70.20101,70.20904,148.5189,148.53036,1,eames,12
prba,2011,3-Jun-11,12:15,13:45,70.20101,70.20904,148.5189,148.53036,1,eames,2
prba,2011,3-Jun-11,12:15,13:45,70.20101,70.20904,148.5189,148.53036,1,eames,2
prba,2011,3-Jun-11,12:15,13:45,70.20101,70.20904,148.5189,148.53036,1,eames,4
prba,2011,3-Jun-11,12:15,13:45,70.20101,70.20904,148.5189,148.53036,1,eames,5
prba,2011,3-Jun-11,12:15,13:45,70.20101,70.20904,148.5189,148.53036,1,eames,6
prba,2011,3-Jun-11,12:15,13:45,70.20101,70.20904,148.5189,148.53036,1,eames,6
prba,2011,3-Jun-11,12:15,13:45,70.20101,70.20904,148.5189,148.53036,1,eames,6
prba,2011,3-Jun-11,12:15,13:45,70.20101,70.20904,148.5189,148.53036,1,eames,8
prba,2011,3-Jun-11,15:55,17:00,70.27622,70.2674,148.53428,148.53943,1,eames,0
prba,2011,3-Jun-11,15:55,17:00,70.27622,70.2674,148.53428,148.53943,1,eames,0
prba,2011,3-Jun-11,15:55,17:00,70.27622,70.2674,148.53428,148.53943,1,eames,1
prba,2011,3-Jun-11,15:55,17:00,70.27622,70.2674,148.53428,148.53943,1,eames,1
prba,2011,3-Jun-11,15:55,17:00,70.27622,70.2674,148.53428,148.53943,1,eames,1
prba,2011,3-Jun-11,15:55,17:00,70.27622,70.2674,148.53428,148.53943,1,eames,1
prba,2011,3-Jun-11,15:55,17:00,70.27622,70.2674,148.53428,148.53943,1,eames,1
prba,2011,3-Jun-11,15:55,17:00,70.27622,70.2674,148.53428,148.53943,1,eames,2
prba,2011,3-Jun-11,15:55,17:00,70.27622,70.2674,148.53428,148.53943,1,eames,2
prba,2011,3-Jun-11,15:55,17:00,70.27622,70.2674,148.53428,148.53943,1,eames,2
prba,2011,3-Jun-11,15:55,17:00,70.27622,70.2674,148.53428,148.53943,1,eames,2
prba,2011,3-Jun-11,15:55,17:00,70.27622,70.2674,148.53428,148.53943,1,eames,2
prba,2011,3-Jun-11,15:55,17:00,70.27622,70.2674,148.53428,148.53943,1,eames,2
prba,2011,3-Jun-11,15:55,17:00,70.27622,70.2674,148.53428,148.53943,1,eames,3
prba,2011,3-Jun-11,15:55,17:00,70.27622,70.2674,148.53428,148.53943,1,eames,3
prba,2011,3-Jun-11,15:55,17:00,70.27622,70.2674,148.53428,148.53943,1,eames,5
prba,2011,3-Jun-11,15:55,17:00,70.27622,70.2674,148.53428,148.53943,1,eames,5
prba,2011,3-Jun-11,15:55,17:00,70.27622,70.2674,148.53428,148.53943,1,eames,6
prba,2011,3-Jun-11,15:55,17:00,70.27622,70.2674,148.53428,148.53943,1,eames,8
prba,2011,3-Jun-11,09:30,11:20,70.21377,70.22212,148.5118,148.52107,1,eames,0
prba,2011,3-Jun-11,09:30,11:20,70.21377,70.22212,148.5118,148.52107,1,eames,0
prba,2011,3-Jun-11,09:30,11:20,70.21377,70.22212,148.5118,148.52107,1,eames,10
prba,2011,3-Jun-11,09:30,11:20,70.21377,70.22212,148.5118,148.52107,1,eames,10
prba,2011,3-Jun-11,09:30,11:20,70.21377,70.22212,148.5118,148.52107,1,eames,11
prba,2011,3-Jun-11,09:30,11:20,70.21377,70.22212,148.5118,148.52107,1,eames,12
prba,2011,3-Jun-11,09:30,11:20,70.21377,70.22212,148.5118,148.52107,1,eames,12
prba,2011,3-Jun-11,09:30,11:20,70.21377,70.22212,148.5118,148.52107,1,eames,13
prba,2011,3-Jun-11,09:30,11:20,70.21377,70.22212,148.5118,148.52107,1,eames,13
prba,2011,3-Jun-11,09:30,11:20,70.21377,70.22212,148.5118,148.52107,1,eames,17
prba,2011,3-Jun-11,09:30,11:20,70.21377,70.22212,148.5118,148.52107,1,eames,8
barr,2014,12-Jun-14,07:56,08:45,71.26135,71.26652,156.84009,156.7763,0.5,rlanctot,2
ikpi,2014,5-Jun-14,14:50,15:45,70.55684,70.5555,154.69867,154.72511,1,mdodds,7.5
prba,2014,6-Jun-14,14:25,15:22,70.20904,70.20101,-148.53036,-148.5189,1,kscheimreif,0.25
prba,2014,6-Jun-14,14:25,15:22,70.20904,70.20101,-148.53036,-148.5189,1,kscheimreif,0.5
prba,2014,6-Jun-14,14:25,15:22,70.20904,70.20101,-148.53036,-148.5189,1,kscheimreif,2
prba,2014,6-Jun-14,14:25,15:22,70.20904,70.20101,-148.53036,-148.5189,1,kscheimreif,5
prba,2014,6-Jun-14,13:10,13:57,70.21377,70.22212,-148.5118,-148.52107,1,kscheimreif,5
prba,2014,6-Jun-14,13:10,13:57,70.21377,70.22212,-148.5118,-148.52107,1,kscheimreif,6
prba,2014,6-Jun-14,13:10,13:57,70.21377,70.22212,-148.5118,-148.52107,1,kscheimreif,3
prba,2014,6-Jun-14,13:10,13:57,70.21377,70.22212,-148.5118,-148.52107,1,kscheimreif,1
prba,2014,6-Jun-14,13:10,13:57,70.21377,70.22212,-148.5118,-148.52107,1,kscheimreif,3
prba,2014,6-Jun-14,13:10,13:57,70.21377,70.22212,-148.5118,-148.52107,1,kscheimreif,8
prba,2014,6-Jun-14,13:10,13:57,70.21377,70.22212,-148.5118,-148.52107,1,kscheimreif,8
prba,2014,6-Jun-14,13:10,13:57,70.21377,70.22212,-148.5118,-148.52107,1,kscheimreif,9
prba,2014,6-Jun-14,09:20,10:10,70.27148,70.26305,-148.54416,-148.55305,1,kscheimreif,1
prba,2014,6-Jun-14,09:20,10:10,70.27148,70.26305,-148.54416,-148.55305,1,kscheimreif,1
prba,2014,6-Jun-14,09:20,10:10,70.27148,70.26305,-148.54416,-148.55305,1,kscheimreif,2
prba,2014,6-Jun-14,09:20,10:10,70.27148,70.26305,-148.54416,-148.55305,1,kscheimreif,3
prba,2014,6-Jun-14,09:20,10:10,70.27148,70.26305,-148.54416,-148.55305,1,kscheimreif,1
prba,2014,6-Jun-14,09:20,10:10,70.27148,70.26305,-148.54416,-148.55305,1,kscheimreif,1
prba,2014,6-Jun-14,09:20,10:10,70.27148,70.26305,-148.54416,-148.55305,1,kscheimreif,0.5
prba,2014,6-Jun-14,10:55,11:44,70.2674,70.27622,-148.53943,-148.53428,1,chelms,1
prba,2014,6-Jun-14,10:55,11:44,70.2674,70.27622,-148.53943,-148.53428,1,chelms,2
prba,2014,6-Jun-14,10:55,11:44,70.2674,70.27622,-148.53943,-148.53428,1,chelms,1
prba,2014,6-Jun-14,10:55,11:44,70.2674,70.27622,-148.53943,-148.53428,1,chelms,1
prba,2014,6-Jun-14,10:55,11:44,70.2674,70.27622,-148.53943,-148.53428,1,chelms,1
prba,2014,7-Jun-14,08:28,10:10,70.26928,70.27642,-148.79143,-148.80746,1,chelms,2
prba,2014,7-Jun-14,08:28,10:10,70.26928,70.27642,-148.79143,-148.80746,1,chelms,3
prba,2014,7-Jun-14,08:28,10:10,70.26928,70.27642,-148.79143,-148.80746,1,chelms,1
prba,2014,7-Jun-14,08:28,10:10,70.26928,70.27642,-148.79143,-148.80746,1,chelms,1
prba,2014,7-Jun-14,08:28,10:10,70.26928,70.27642,-148.79143,-148.80746,1,chelms,8
prba,2014,7-Jun-14,08:28,10:10,70.26928,70.27642,-148.79143,-148.80746,1,chelms,1
prba,2014,7-Jun-14,08:28,10:10,70.26928,70.27642,-148.79143,-148.80746,1,chelms,1
prba,2014,8-Jun-14,08:25,09:30,70.27367,70.27946,-148.7779,-148.79816,1,kscheimreif,10
prba,2014,8-Jun-14,08:25,09:30,70.27367,70.27946,-148.7779,-148.79816,1,kscheimreif,8
prba,2014,8-Jun-14,08:25,09:30,70.27367,70.27946,-148.7779,-148.79816,1,kscheimreif,2
prba,2014,9-Jun-14,11:36,12:45,70.35368,70.34536,-148.78352,-148.77359,1,kscheimreif,5
prba,2014,9-Jun-14,11:36,12:45,70.35368,70.34536,-148.78352,-148.77359,1,kscheimreif,7
coat,2014,14-Jun-14,09:00,11:30,62.85182,62.88327,82.48478,82.46372,3.67,sflemming,0
colv,2014,17-Jun-14,12:22,12:26,70.43658,70.43658,150.67555,150.66948,0.025,agottesman,none
colv,2014,17-Jun-14,14:04,15:30,70.42757,70.4227,150.66948,150.69189,,agottesman,33.69
colv,2014,17-Jun-14,14:04,15:30,70.42757,70.4227,150.66948,150.69189,,agottesman,31
colv,2014,17-Jun-14,14:04,15:30,70.42757,70.4227,150.66948,150.69189,,agottesman,0.86
colv,2014,17-Jun-14,16:01,16:40,70.42101,70.42548,150.69292,150.69374,,agottesman,none
colv,2014,17-Jun-14,17:17,18:37,70.41831,70.42731,150.66762,150.66814,,agottesman,2.38
colv,2014,17-Jun-14,17:17,18:37,70.41831,70.42731,150.66762,150.66814,,agottesman,7
colv,2014,17-Jun-14,17:17,18:37,70.41831,70.42731,150.66762,150.66814,,agottesman,4.52
colv,2014,17-Jun-14,13:26,13:37,70.44381,70.44184,150.69307,150.68948,,tdonnelly,0
colv,2014,17-Jun-14,13:39,13:56,70.4418,70.4418,150.68948,150.69757,,tdonnelly,0
colv,2014,17-Jun-14,14:05,14:20,70.44106,70.43825,150.69106,150.67868,,tdonnelly,1.6
colv,2014,17-Jun-14,14:22,15:25,70.4353,70.43825,150.70404,150.67868,,tdonnelly,0
colv,2014,17-Jun-14,15:45,16:17,70.43671,70.44189,150.70328,150.68548,,tdonnelly,0
barr,2014,20-Jun-14,10:30,13:30,71.2799,71.2799,-156.5838,-156.5838,2.4,jmarin,5
barr,2014,20-Jun-14,10:30,13:30,71.2799,71.2799,-156.5838,-156.5838,2.4,jmarin,18
barr,2014,20-Jun-14,10:30,13:30,71.2799,71.2799,-156.5838,-156.5838,2.4,jmarin,9
barr,2014,20-Jun-14,10:30,13:30,71.2799,71.2799,-156.5838,-156.5838,2.4,jmarin,15
barr,2014,20-Jun-14,10:30,13:30,71.2799,71.2799,-156.5838,-156.5838,2.4,jmarin,1
barr,2014,20-Jun-14,10:30,13:30,71.2799,71.2799,-156.5838,-156.5838,2.4,jmarin,3
barr,2014,20-Jun-14,10:30,13:30,71.2799,71.2799,-156.5838,-156.5838,2.4,jmarin,0
barr,2014,20-Jun-14,11:23,13:45,71.29689,71.29689,-156.645278,-156.645278,2.4,asterling,2
barr,2014,20-Jun-14,11:23,13:45,71.29689,71.29689,-156.645278,-156.645278,2.4,asterling,10
barr,2014,20-Jun-14,11:23,13:45,71.29689,71.29689,-156.645278,-156.645278,2.4,asterling,0
barr,2014,20-Jun-14,11:23,13:45,71.29689,71.29689,-156.645278,-156.645278,2.4,asterling,25
barr,2014,20-Jun-14,14:15,15:57,71.29551,71.29551,-156.641,-156.641,2.4,asterling,1
barr,2014,20-Jun-14,14:15,15:57,71.29551,71.29551,-156.641,-156.641,2.4,asterling,10
barr,2014,20-Jun-14,14:15,15:57,71.29551,71.29551,-156.641,-156.641,2.4,asterling,7
barr,2014,20-Jun-14,14:15,15:57,71.29551,71.29551,-156.641,-156.641,2.4,asterling,2
barr,2014,20-Jun-14,14:15,15:57,71.29551,71.29551,-156.641,-156.641,2.4,asterling,2
barr,2014,20-Jun-14,14:15,15:57,71.29551,71.29551,-156.641,-156.641,2.4,asterling,3
barr,2014,20-Jun-14,14:15,15:57,71.29551,71.29551,-156.641,-156.641,2.4,asterling,0.5
barr,2014,20-Jun-14,14:15,15:57,71.29551,71.29551,-156.641,-156.641,2.4,asterling,0
barr,2014,20-Jun-14,14:15,15:57,71.29551,71.29551,-156.641,-156.641,2.4,asterling,0
barr,2014,20-Jun-14,14:15,15:57,71.29551,71.29551,-156.641,-156.641,2.4,asterling,0
barr,2014,20-Jun-14,14:15,15:57,71.29551,71.29551,-156.641,-156.641,2.4,asterling,0
barr,2014,20-Jun-14,14:15,15:57,71.29551,71.29551,-156.641,-156.641,2.4,asterling,1
barr,2014,20-Jun-14,14:15,15:57,71.29551,71.29551,-156.641,-156.641,2.4,asterling,0.25
barr,2014,20-Jun-14,14:15,15:57,71.29551,71.29551,-156.641,-156.641,2.4,asterling,0
barr,2014,20-Jun-14,14:15,15:57,71.29551,71.29551,-156.641,-156.641,2.4,asterling,2
barr,2014,20-Jun-14,14:15,15:57,71.29551,71.29551,-156.641,-156.641,2.4,asterling,1.5
barr,2014,20-Jun-14,14:15,15:57,71.29551,71.29551,-156.641,-156.641,2.4,asterling,1
barr,2014,20-Jun-14,14:15,15:57,71.29551,71.29551,-156.641,-156.641,2.4,asterling,2.5
barr,2014,20-Jun-14,14:15,15:57,71.29551,71.29551,-156.641,-156.641,2.4,asterling,0.25
barr,2014,20-Jun-14,11:31,12:36,71.26661,71.26661,-156.52843,-156.52843,2.4,ssheedy,1
barr,2014,20-Jun-14,11:31,12:36,71.26661,71.26661,-156.52843,-156.52843,2.4,ssheedy,5
barr,2014,20-Jun-14,11:31,12:36,71.26661,71.26661,-156.52843,-156.52843,2.4,ssheedy,5
barr,2014,20-Jun-14,11:31,12:36,71.26661,71.26661,-156.52843,-156.52843,2.4,ssheedy,0
barr,2014,20-Jun-14,11:31,12:36,71.26661,71.26661,-156.52843,-156.52843,2.4,ssheedy,10
barr,2014,20-Jun-14,11:31,12:36,71.26661,71.26661,-156.52843,-156.52843,2.4,ssheedy,10
barr,2014,20-Jun-14,13:35,15:52,71.26488,71.26488,-156.52446,-156.52446,2.9,ssheedy,6
barr,2014,20-Jun-14,13:35,15:52,71.26488,71.26488,-156.52446,-156.52446,2.9,ssheedy,3
barr,2014,20-Jun-14,13:35,15:52,71.26488,71.26488,-156.52446,-156.52446,2.9,ssheedy,4
barr,2014,20-Jun-14,13:35,15:52,71.26488,71.26488,-156.52446,-156.52446,2.9,ssheedy,10
barr,2014,20-Jun-14,14:20,18:20,71.24547,71.24547,-156.56984,-156.56984,2.4,jmarin,1
chur,2014,5-Jul-14,12:30,13:30,58.66738,58.66746,93.80068,93.83456,2,lkoloski,1
chur,2014,8-Jul-14,10:53,11:28,58.66292,58.66285,93.83479,93.8008,2,jperz & cmurchison,1
chur,2014,9-Jul-14,14:55,15:32,58.65758,58.67587,93.85063,93.85075,2,jperz,0
chur,2014,9-Jul-14,14:51,15:24,58.67501,58.65751,93.84269,93.84228,2,cmurchison,0
cari,2014,12-Jul-14,10:15,18:30,70.11802,70.1178,145.84779,145.84496,11.1,sfreeman,2.8
cari,2014,12-Jul-14,10:15,18:30,70.11802,70.1178,145.84779,145.84496,11.1,sfreeman,1.5
cari,2014,12-Jul-14,10:15,18:30,70.11802,70.1178,145.84779,145.84496,11.1,sfreeman,2.7
cari,2014,12-Jul-14,10:15,18:30,70.11802,70.1178,145.84779,145.84496,11.1,sfreeman,0.1
cari,2014,12-Jul-14,10:15,18:30,70.11802,70.1178,145.84779,145.84496,11.1,sfreeman,2.5
cari,2014,12-Jul-14,10:15,18:30,70.11802,70.1178,145.84779,145.84496,11.1,sfreeman,0.9
cari,2014,12-Jul-14,10:15,18:30,70.11802,70.1178,145.84779,145.84496,11.1,sfreeman,2.7
cari,2014,12-Jul-14,10:15,18:30,70.11802,70.1178,145.84779,145.84496,11.1,sfreeman,1.5
cari,2014,12-Jul-14,10:15,18:30,70.11802,70.1178,145.84779,145.84496,11.1,sfreeman,1.3
cari,2014,12-Jul-14,10:15,18:30,70.11802,70.1178,145.84779,145.84496,11.1,sfreeman,2.3
cari,2014,12-Jul-14,10:15,18:30,70.11802,70.1178,145.84779,145.84496,11.1,sfreeman,6.9
cari,2014,12-Jul-14,10:15,18:30,70.11802,70.1178,145.84779,145.84496,11.1,sfreeman,7.9
cari,2014,12-Jul-14,10:15,18:30,70.11802,70.1178,145.84779,145.84496,11.1,sfreeman,0.8
cari,2014,12-Jul-14,10:15,18:30,70.11802,70.1178,145.84779,145.84496,11.1,sfreeman,1
cari,2014,12-Jul-14,10:15,18:30,70.11802,70.1178,145.84779,145.84496,11.1,sfreeman,13.1
cari,2014,12-Jul-14,10:15,18:30,70.11802,70.1178,145.84779,145.84496,11.1,sfreeman,5.8
cari,2014,12-Jul-14,10:15,18:30,70.11802,70.1178,145.84779,145.84496,11.1,sfreeman,1
cari,2014,12-Jul-14,10:15,18:30,70.11802,70.1178,145.84779,145.84496,11.1,sfreeman,8.2
cari,2014,12-Jul-14,10:15,18:30,70.11802,70.1178,145.84779,145.84496,11.1,sfreeman,7.1
cari,2014,12-Jul-14,10:15,18:30,70.11802,70.1178,145.84779,145.84496,11.1,sfreeman,0.9
cari,2014,12-Jul-14,10:15,18:30,70.11802,70.1178,145.84779,145.84496,11.1,sfreeman,1.6
cari,2014,12-Jul-14,10:15,18:30,70.11802,70.1178,145.84779,145.84496,11.1,sfreeman,3.7
cari,2014,12-Jul-14,10:15,18:30,70.11802,70.1178,145.84779,145.84496,11.1,sfreeman,1.2
cari,2014,12-Jul-14,10:15,18:30,70.11802,70.1178,145.84779,145.84496,11.1,sfreeman,2.1
cari,2014,12-Jul-14,10:15,18:30,70.11802,70.1178,145.84779,145.84496,11.1,sfreeman,0.9
cari,2014,12-Jul-14,10:15,18:30,70.11802,70.1178,145.84779,145.84496,11.1,sfreeman,6
cari,2014,12-Jul-14,10:15,18:30,70.11802,70.1178,145.84779,145.84496,11.1,sfreeman,0.4
cari,2014,12-Jul-14,10:15,18:30,70.11802,70.1178,145.84779,145.84496,11.1,sfreeman,1.5
cari,2014,12-Jul-14,10:15,18:30,70.11802,70.1178,145.84779,145.84496,11.1,sfreeman,2
cari,2014,12-Jul-14,10:15,18:30,70.11802,70.1178,145.84779,145.84496,11.1,sfreeman,1.5
cari,2014,12-Jul-14,10:15,18:30,70.11802,70.1178,145.84779,145.84496,11.1,sfreeman,0
cari,2014,12-Jul-14,10:15,18:30,70.11802,70.1178,145.84779,145.84496,11.1,sfreeman,0.8
cari,2014,12-Jul-14,10:15,18:30,70.11802,70.1178,145.84779,145.84496,11.1,sfreeman,3.4
cari,2014,12-Jul-14,10:15,18:30,70.11802,70.1178,145.84779,145.84496,11.1,sfreeman,6.1
cari,2014,12-Jul-14,10:15,18:30,70.11802,70.1178,145.84779,145.84496,11.1,sfreeman,0
cari,2014,12-Jul-14,10:15,18:30,70.11802,70.1178,145.84779,145.84496,11.1,sfreeman,0
cari,2014,12-Jul-14,10:15,18:30,70.11802,70.1178,145.84779,145.84496,11.1,sfreeman,0.3
cari,2014,12-Jul-14,10:15,18:30,70.11802,70.1178,145.84779,145.84496,11.1,sfreeman,0.1
cari,2014,12-Jul-14,10:15,18:30,70.11802,70.1178,145.84779,145.84496,11.1,sfreeman,3.3
cari,2014,12-Jul-14,10:15,18:30,70.11802,70.1178,145.84779,145.84496,11.1,sfreeman,0.7
cari,2014,12-Jul-14,10:15,18:30,70.11802,70.1178,145.84779,145.84496,11.1,sfreeman,1
cari,2014,12-Jul-14,10:15,18:30,70.11802,70.1178,145.84779,145.84496,11.1,sfreeman,6.7
cari,2014,12-Jul-14,10:15,18:30,70.11802,70.1178,145.84779,145.84496,11.1,sfreeman,8.3
cari,2014,12-Jul-14,10:15,18:30,70.11802,70.1178,145.84779,145.84496,11.1,sfreeman,4.6
cari,2014,12-Jul-14,10:15,18:30,70.11802,70.1178,145.84779,145.84496,11.1,sfreeman,5.7
cari,2014,12-Jul-14,10:15,18:30,70.11802,70.1178,145.84779,145.84496,11.1,sfreeman,5.7
cari,2014,12-Jul-14,10:15,18:30,70.11802,70.1178,145.84779,145.84496,11.1,sfreeman,4.6
cari,2014,12-Jul-14,10:15,18:30,70.11802,70.1178,145.84779,145.84496,11.1,sfreeman,0.9
cari,2014,12-Jul-14,10:15,18:30,70.11802,70.1178,145.84779,145.84496,11.1,sfreeman,0
cari,2014,12-Jul-14,10:15,18:30,70.11802,70.1178,145.84779,145.84496,11.1,sfreeman,3.8
cari,2014,12-Jul-14,10:15,18:30,70.11802,70.1178,145.84779,145.84496,11.1,sfreeman,2.4
cari,2014,12-Jul-14,10:15,18:30,70.11802,70.1178,145.84779,145.84496,11.1,sfreeman,0.9
cari,2014,12-Jul-14,10:15,18:30,70.11802,70.1178,145.84779,145.84496,11.1,sfreeman,2.4
cari,2014,12-Jul-14,10:15,18:30,70.11802,70.1178,145.84779,145.84496,11.1,sfreeman,3.1
cari,2014,12-Jul-14,10:15,18:30,70.11802,70.1178,145.84779,145.84496,11.1,sfreeman,2
cari,2014,12-Jul-14,10:15,18:30,70.11802,70.1178,145.84779,145.84496,11.1,sfreeman,2.3
cari,2014,12-Jul-14,10:15,18:30,70.11802,70.1178,145.84779,145.84496,11.1,sfreeman,1.2
cari,2014,12-Jul-14,10:15,18:30,70.11802,70.1178,145.84779,145.84496,11.1,sfreeman,0.1
cari,2014,12-Jul-14,10:15,18:30,70.11802,70.1178,145.84779,145.84496,11.1,sfreeman,3.3
cari,2014,12-Jul-14,10:15,18:30,70.11802,70.1178,145.84779,145.84496,11.1,sfreeman,0.1
cari,2014,12-Jul-14,10:15,18:30,70.11802,70.1178,145.84779,145.84496,11.1,sfreeman,2.3
cari,2014,12-Jul-14,10:15,18:30,70.11802,70.1178,145.84779,145.84496,11.1,sfreeman,3
cari,2014,12-Jul-14,10:15,18:30,70.11802,70.1178,145.84779,145.84496,11.1,sfreeman,3.5
cari,2014,12-Jul-14,10:15,18:30,70.1178,70.1178,145.8485,145.8485,10.4,emagnuson,2.9
cari,2014,12-Jul-14,10:15,18:30,70.1178,70.1178,145.8485,145.8485,10.4,emagnuson,3.1
cari,2014,12-Jul-14,10:15,18:30,70.1178,70.1178,145.8485,145.8485,10.4,emagnuson,3
cari,2014,12-Jul-14,10:15,18:30,70.1178,70.1178,145.8485,145.8485,10.4,emagnuson,0
cari,2014,12-Jul-14,10:15,18:30,70.1178,70.1178,145.8485,145.8485,10.4,emagnuson,3.6
cari,2014,12-Jul-14,10:15,18:30,70.1178,70.1178,145.8485,145.8485,10.4,emagnuson,1
cari,2014,12-Jul-14,10:15,18:30,70.1178,70.1178,145.8485,145.8485,10.4,emagnuson,0.2
cari,2014,12-Jul-14,10:15,18:30,70.1178,70.1178,145.8485,145.8485,10.4,emagnuson,0
cari,2014,12-Jul-14,10:15,18:30,70.1178,70.1178,145.8485,145.8485,10.4,emagnuson,0
cari,2014,12-Jul-14,10:15,18:30,70.1178,70.1178,145.8485,145.8485,10.4,emagnuson,1.9
cari,2014,12-Jul-14,10:15,18:30,70.1178,70.1178,145.8485,145.8485,10.4,emagnuson,2.9
cari,2014,12-Jul-14,10:15,18:30,70.1178,70.1178,145.8485,145.8485,10.4,emagnuson,1
cari,2014,12-Jul-14,10:15,18:30,70.1178,70.1178,145.8485,145.8485,10.4,emagnuson,0.5
cari,2014,12-Jul-14,10:15,18:30,70.1178,70.1178,145.8485,145.8485,10.4,emagnuson,0
cari,2014,12-Jul-14,10:15,18:30,70.1178,70.1178,145.8485,145.8485,10.4,emagnuson,0.1
cari,2014,12-Jul-14,10:15,18:30,70.1178,70.1178,145.8485,145.8485,10.4,emagnuson,0.1
cari,2014,12-Jul-14,10:15,18:30,70.1178,70.1178,145.8485,145.8485,10.4,emagnuson,0.2
cari,2014,12-Jul-14,10:15,18:30,70.1178,70.1178,145.8485,145.8485,10.4,emagnuson,2.3
cari,2014,12-Jul-14,10:15,18:30,70.1178,70.1178,145.8485,145.8485,10.4,emagnuson,4.7
cari,2014,12-Jul-14,10:15,18:30,70.1178,70.1178,145.8485,145.8485,10.4,emagnuson,1.5
cari,2014,12-Jul-14,10:15,18:30,70.1178,70.1178,145.8485,145.8485,10.4,emagnuson,2.6
cari,2014,12-Jul-14,10:15,18:30,70.1178,70.1178,145.8485,145.8485,10.4,emagnuson,1.4
cari,2014,12-Jul-14,10:15,18:30,70.1178,70.1178,145.8485,145.8485,10.4,emagnuson,0
cari,2014,12-Jul-14,10:15,18:30,70.1178,70.1178,145.8485,145.8485,10.4,emagnuson,4
cari,2014,12-Jul-14,10:15,18:30,70.1178,70.1178,145.8485,145.8485,10.4,emagnuson,4.1
cari,2014,12-Jul-14,10:15,18:30,70.1178,70.1178,145.8485,145.8485,10.4,emagnuson,1.2
cari,2014,12-Jul-14,10:15,18:30,70.1178,70.1178,145.8485,145.8485,10.4,emagnuson,3.7
cari,2014,12-Jul-14,10:15,18:30,70.1178,70.1178,145.8485,145.8485,10.4,emagnuson,3.7
cari,2014,12-Jul-14,10:15,18:30,70.1178,70.1178,145.8485,145.8485,10.4,emagnuson,2.6
cari,2014,12-Jul-14,10:15,18:30,70.1178,70.1178,145.8485,145.8485,10.4,emagnuson,5.1
cari,2014,12-Jul-14,10:15,18:30,70.1178,70.1178,145.8485,145.8485,10.4,emagnuson,3.3
cari,2014,12-Jul-14,10:15,18:30,70.1178,70.1178,145.8485,145.8485,10.4,emagnuson,3.9
cari,2014,12-Jul-14,10:15,18:30,70.1178,70.1178,145.8485,145.8485,10.4,emagnuson,2.4
cari,2014,12-Jul-14,10:15,18:30,70.1178,70.1178,145.8485,145.8485,10.4,emagnuson,0
cari,2014,12-Jul-14,10:15,18:30,70.1178,70.1178,145.8485,145.8485,10.4,emagnuson,0.6
cari,2014,12-Jul-14,10:15,18:30,70.1178,70.1178,145.8485,145.8485,10.4,emagnuson,0.6
cari,2014,12-Jul-14,10:15,18:30,70.1178,70.1178,145.8485,145.8485,10.4,emagnuson,2.1
cari,2014,12-Jul-14,10:15,18:30,70.1178,70.1178,145.8485,145.8485,10.4,emagnuson,2.7
cari,2014,12-Jul-14,10:15,18:30,70.1178,70.1178,145.8485,145.8485,10.4,emagnuson,0
cari,2014,12-Jul-14,10:15,18:30,70.1178,70.1178,145.8485,145.8485,10.4,emagnuson,1.1
cari,2014,12-Jul-14,10:15,18:30,70.1178,70.1178,145.8485,145.8485,10.4,emagnuson,2.5
cari,2014,12-Jul-14,10:15,18:30,70.1178,70.1178,145.8485,145.8485,10.4,emagnuson,4.8
cari,2014,12-Jul-14,10:15,18:30,70.1178,70.1178,145.8485,145.8485,10.4,emagnuson,0
cari,2014,12-Jul-14,10:15,18:30,70.1178,70.1178,145.8485,145.8485,10.4,emagnuson,0
cari,2014,12-Jul-14,10:15,18:30,70.1178,70.1178,145.8485,145.8485,10.4,emagnuson,0
cari,2014,12-Jul-14,10:15,18:30,70.1178,70.1178,145.8485,145.8485,10.4,emagnuson,4.6
cari,2014,12-Jul-14,10:15,18:30,70.1178,70.1178,145.8485,145.8485,10.4,emagnuson,0.1
iglo,2014,,12:00,13:00,69.39817672,69.4000102,-81.5451322,-81.5635664,0.751,mcfrenette,
iglo,2014,,14:00,15:00,69.3899079,69.38397975,-81.55087986,-81.54525694,0.696,mcfrenette,6.5
iglo,2014,,12:25,13:13,69.39915093,69.39254994,-81.56856092,-81.56594278,0.742,mtrottierpaquet,0
iglo,2014,,12:25,13:13,69.39915093,69.39254994,-81.56856092,-81.56594278,0.742,mtrottierpaquet,16.4
iglo,2014,,13:56,14:40,69.39388657,69.39105047,-81.58211998,-81.59859075,0.719,mtrottierpaquet,
iglo,2013,,10:00,11:00,-81.5451322,-81.5635664,69.39817672,69.4000102,0.751,nlecomte,
iglo,2013,,12:15,13:00,-81.55087986,-81.54525694,69.3899079,69.38397975,0.696,nlecomte,
iglo,2013,,15:10,15:50,-81.56856092,-81.56594278,69.39915093,69.39254994,0.742,nlecomte,
iglo,2013,,09:00,10:00,-81.58211998,-81.59859075,69.39388657,69.39105047,0.719,nlecomte,
lkri,2014,19-Jun-14,11:25,15:55,72.84984486,72.86004142,106.0425791,106.1277671,4.64,msoloviev,3
lkri,2014,19-Jun-14,11:25,15:55,72.84984486,72.86004142,106.0425791,106.1277671,4.64,msoloviev,3
lkri,2014,19-Jun-14,11:25,15:55,72.84984486,72.86004142,106.0425791,106.1277671,4.64,msoloviev,1
lkri,2014,19-Jun-14,11:25,15:55,72.84984486,72.86004142,106.0425791,106.1277671,4.64,msoloviev,2
lkri,2014,19-Jun-14,11:25,15:55,72.84984486,72.86004142,106.0425791,106.1277671,4.64,msoloviev,3
lkri,2014,19-Jun-14,11:25,15:55,72.84984486,72.86004142,106.0425791,106.1277671,4.64,msoloviev,2
lkri,2014,19-Jun-14,11:25,15:55,72.84984486,72.86004142,106.0425791,106.1277671,4.64,msoloviev,3
burn,2012,,,,55.23895,55.23727,-84.31123,-84.30853,,,
burn,2012,,,,55.23727,55.23547,-84.30853,-84.30617,,,
burn,2012,,,,55.23547,55.23433,-84.30617,-84.30276,,,1
burn,2012,,,,55.23433,55.23238,-84.30276,-84.30477,,,
burn,2012,,,,55.23238,55.23263,-84.30477,-84.29966,,,
burn,2012,,,,55.23084,55.22889,-84.29608,-84.29425,,,
burn,2012,,,,55.2309,55.23255,-84.29231,-84.28961,,,1
burn,2012,,,,55.23255,55.23475,-84.28961,-84.28856,,,
burn,2012,,,,55.23475,55.23647,-84.28856,-84.28949,,,
burn,2012,,,,,55.2376,,-84.29377,,,
burn,2012,,,,55.24376,55.24434,-84.31048,-84.31429,,,
burn,2012,,,,55.24434,55.24497,-84.31429,-84.3181,,,
burn,2013,10-Jun-13,,,,,,,17,,1
burn,2013,10-Jun-13,,,,,,,17,,1
burn,2013,10-Jun-13,,,,,,,17,,1
burn,2013,10-Jun-13,,,,,,,17,,
burn,2013,10-Jun-13,,,,,,,17,,
burn,2013,10-Jun-13,,,,,,,17,,
burn,2013,10-Jun-13,,,,,,,17,,
burn,2013,11-Jun-13,,,,,,,14,,
burn,2013,11-Jun-13,,,,,,,14,,
burn,2013,11-Jun-13,,,,,,,14,,
burn,2013,11-Jun-13,,,,,,,14,,
burn,2013,11-Jun-13,,,,,,,14,,
burn,2013,11-Jun-13,,,,,,,14,,
burn,2013,11-Jun-13,,,,,,,14,,1
burn,2013,12-Jun-13,,,,,,,17,,
burn,2013,12-Jun-13,,,,,,,17,,
burn,2013,12-Jun-13,,,,,,,17,,
burn,2013,12-Jun-13,,,,,,,18,,1
burn,2013,12-Jun-13,,,,,,,17,,
burn,2013,12-Jun-13,,,,,,,17,,3
burn,2013,12-Jun-13,,,,,,,15.9,,1
burn,2013,12-Jun-13,,,,,,,17,,
burn,2013,13-Jun-13,,,,,,,16.2,,
burn,2013,13-Jun-13,,,,,,,18.5,,1
burn,2013,13-Jun-13,,,,,,,18.5,,2
burn,2013,13-Jun-13,,,,,,,15,,
burn,2013,13-Jun-13,,,,,,,15,,
burn,2013,13-Jun-13,,,,,,,15.7,,1
burn,2013,13-Jun-13,,,,,,,15.2,,
burn,2013,13-Jun-13,,,,,,,17,,
burn,2013,14-Jun-13,,,,,,,7.6,,2
burn,2013,14-Jun-13,,,,,,,7.6,,
burn,2013,14-Jun-13,,,,,,,7.6,,
burn,2013,14-Jun-13,,,,,,,7.6,,
burn,2013,14-Jun-13,,,,,,,7.6,,
burn,2013,14-Jun-13,,,,,,,7.6,,
burn,2013,14-Jun-13,,,,,,,7.6,,
burn,2013,14-Jun-13,,,,,,,7.6,,
burn,2013,16-Jun-13,,,,,,,17,,1
burn,2013,16-Jun-13,,,,,,,13,,2
burn,2013,16-Jun-13,,,,,,,17,,4
burn,2013,16-Jun-13,,,,,,,17,,
burn,2013,16-Jun-13,,,,,,,17,,
burn,2013,16-Jun-13,,,,,,,15,,2
burn,2013,16-Jun-13,,,,,,,17,,
burn,2013,16-Jun-13,,,,,,,17,,1
burn,2013,18-Jun-13,,,,,,,14,,1
burn,2013,18-Jun-13,,,,,,,18,,2
burn,2013,18-Jun-13,,,,,,,18,,
burn,2013,18-Jun-13,,,,,,,17,,
burn,2013,18-Jun-13,,,,,,,17,,
burn,2013,18-Jun-13,,,,,,,14,,
burn,2013,18-Jun-13,,,,,,,14,,1
burn,2013,18-Jun-13,,,,,,,14,,
burn,2014,11-Jun-14,,,,,,,6.8,dmcrae,0
burn,2014,11-Jun-14,,,,,,,5.3,mpeck,0
burn,2014,11-Jun-14,,,,,,,7.7,lpollock,0
burn,2014,11-Jun-14,,,,,,,6.7,gracey,0
burn,2014,11-Jun-14,,,,,,,6.3,rnakoochee,0
burn,2014,11-Jun-14,,,,,,,6.3,bdalziel,0
burn,2014,11-Jun-14,,,,,,,6.8,mevers,0
burn,2014,11-Jun-14,,,,,,,6.7,kbennett,0
burn,2014,12-Jun-14,,,,,,,17.5,dmcrae,0
burn,2014,12-Jun-14,,,,,,,17.3,mpeck,0
burn,2014,12-Jun-14,,,,,,,18.4,lpollock,1
burn,2014,12-Jun-14,,,,,,,16.1,gracey,2
burn,2014,12-Jun-14,,,,,,,17.2,rnakoochee,3
burn,2014,12-Jun-14,,,,,,,17.2,bdalziel,0
burn,2014,12-Jun-14,,,,,,,17,mevers,1
burn,2014,12-Jun-14,,,,,,,17.9,kbennett,0
burn,2014,13-Jun-14,,,,,,,11,dmcrae,0
burn,2014,13-Jun-14,,,,,,,11.1,mpeck,0
burn,2014,13-Jun-14,,,,,,,11.7,lpollock,0
burn,2014,13-Jun-14,,,,,,,10.5,gracey,0
burn,2014,13-Jun-14,,,,,,,9.4,rnakoochee,0
burn,2014,13-Jun-14,,,,,,,10.9,bdalziel,0
burn,2014,13-Jun-14,,,,,,,10.5,mevers,0
burn,2014,13-Jun-14,,,,,,,11,kbennett,0
burn,2014,14-Jun-14,,,,,,,19.5,dmcrae,1
burn,2014,14-Jun-14,,,,,,,19.8,mpeck,0
burn,2014,14-Jun-14,,,,,,,17.5,lpollock,0
burn,2014,14-Jun-14,,,,,,,17.3,gracey,1
burn,2014,14-Jun-14,,,,,,,16.6,rnakoochee,7
burn,2014,14-Jun-14,,,,,,,18.2,bdalziel,0
burn,2014,14-Jun-14,,,,,,,20.6,mevers,0
burn,2014,14-Jun-14,,,,,,,18.8,kbennett,2
burn,2014,15-Jun-14,,,,,,,13.5,dmcrae,1
burn,2014,15-Jun-14,,,,,,,13.2,mpeck,1
burn,2014,15-Jun-14,,,,,,,7.5,lpollock,0
burn,2014,15-Jun-14,,,,,,,7.4,gracey,2
burn,2014,15-Jun-14,,,,,,,6.8,rnakoochee,1
burn,2014,15-Jun-14,,,,,,,7.5,bdalziel,0
burn,2014,15-Jun-14,,,,,,,7.4,mevers,0
burn,2014,15-Jun-14,,,,,,,7.7,kbennett,0
